Fecha de Scraping,Título,Descripción
2024-06-23 18:33:36,"Casa en Venta, Fagua, Chía",60 | 3 | 2
2024-06-23 18:33:36,"Casa en Venta, Santa Cecilia 5, Chía",98 | 3 | 2
2024-06-23 18:33:36,"Casa en Venta, Fagua, Chía",66 | 3 | 2
2024-06-23 18:33:36,"Casa en Venta, Cerritos, Pereira",$750.000.000 | 133 m² | 3 | 3
2024-06-23 18:33:36,"Casa en Venta, Hacienda La Luna, Chía",$750.000.000 | 133 m² | 3 | 3
2024-06-23 18:33:36,"Casa en Venta, Suba, Bogotá D.C.",
2024-06-23 18:33:36,"Casa en Venta, La Moya, Cota (Incluye Siberia)",$1.200.000.000 | 295 m² | 3 | 5
2024-06-23 18:33:36,"Casa en Venta, Pance La Viga, Cali",$1.200.000.000 | 295 m² | 3 | 5
2024-06-23 18:33:36,"Casa en Venta, Palo Amarillo, Chía",
2024-06-23 18:33:36,"Casa en Venta, Armenia Circasia, Armenia",$750.000.000 | 133 m² | 3 | 3
2024-06-23 18:33:36,"Casa en Venta, Piedra Luna, Cajicá",$750.000.000 | 133 m² | 3 | 3
2024-06-23 18:33:36,"Apartamento en Venta, Pontevedra, Bogotá D.C.",
2024-06-23 18:33:36,"Casa en Venta, La Campiña, Barranquilla",$900.000.000 | 164 m² | 3 | 3
2024-06-23 18:33:36,"Apartamento en Venta, Madelena, Bogotá D.C.",$900.000.000 | 164 m² | 3 | 3
2024-06-23 18:33:36,"Casa en Venta, Vereda El Salitre, La Calera",
2024-06-23 18:33:36,"Casa en Venta, Las Delicias, Barranquilla",$1.600.000.000 | 329 m² | 4 | 4
2024-06-23 18:33:36,"Casa en Venta, LA CAROLINA, Bogotá D.C.",$1.600.000.000 | 329 m² | 4 | 4
2024-06-23 18:33:36,"Casa en Venta, Villa Santos, Barranquilla",
2024-06-23 18:33:36,"Casa en Venta, Manga, Cartagena de Indias",$500.000.000 | 150 m² | 4 | 3
2024-06-23 18:33:36,"Apartamento en Venta, Ecohaus, Chía",$500.000.000 | 150 m² | 4 | 3
2024-06-23 18:33:36,"Casa en Venta, Via A Subachoque, Subachoque",
2024-06-23 18:33:36,"Casa en Venta, Country Club Villas, Puerto Colombia",$1.000.000.000 | 178.13 m² | 4 | 4
2024-06-23 18:33:36,"Casa en Venta, Estoraques Ii, Bucaramanga",$1.000.000.000 | 178.13 m² | 4 | 4
2024-06-23 18:33:36,"Apartamento en Venta, Valle De Luna, Chía",
2024-06-23 18:33:36,"Apartamento en Venta, Ecohaus, Chía",$1.200.000.000 | 229.12 m² | 3 | 3
2024-06-23 18:33:36,"Casa en Venta, Puente Largo, Bogotá D.C.",$1.200.000.000 | 229.12 m² | 3 | 3
2024-06-23 18:33:36,"Casa en Venta, chia, Chía",
2024-06-23 18:33:36,"Apartamento en Venta, Bosque Medina, Bogotá D.C.",$1.200.000.000 | 206 m² | 4 | 4
2024-06-23 18:33:36,"Casa en Venta, L   CIUDAD JARDIN, Funza",$1.200.000.000 | 206 m² | 4 | 4
2024-06-23 18:33:36,"Casa en Venta, Jamundi, Jamundi",
2024-06-23 18:33:36,"Apartamento en Venta, Chico Norte, Bogotá D.C.",$1.300.000.000 | 220 m² | 4 | 4
2024-06-23 18:33:36,"Apartamento en Venta, Montearroyo, Bogotá D.C.",$1.300.000.000 | 220 m² | 4 | 4
2024-06-23 18:33:36,"Casa en Venta, EL POBLADO SAN LUCAS, Medellín",
2024-06-23 18:33:36,"Casa en Venta, Chapinero Central, Bogotá D.C.",$1.090.000.000 | 165 m² | 3 | 4
2024-06-23 18:33:36,"Casa en Venta, EL POBLADO, Medellín",$1.090.000.000 | 165 m² | 3 | 4
2024-06-23 18:33:36,"Casa en Venta, PARCELAS DE COTA, Cota (Incluye Siberia)",
2024-06-23 18:33:36,"Apartamento en Venta, Rosales, Bogotá D.C.",$675.000.000 | 106 m² | 3 | 2
2024-06-23 18:33:36,"Apartamento en Venta, Florida Nueva, Medellín",$675.000.000 | 106 m² | 3 | 2
2024-06-23 18:33:36,"Apartamento en Venta, Chico Navarra, Bogotá D.C.",
2024-06-23 18:33:36,"Casa en Venta, LA TEBAIDA, Armenia",$1.197.637.000 | 517 m² | 5 | 4
2024-06-23 18:33:36,"Casa en Venta, BACHUE, Bogotá D.C.",$1.197.637.000 | 517 m² | 5 | 4
2024-06-23 18:33:36,"Casa en Venta, san luis teusaquillo, Bogotá D.C.",
2024-06-23 18:33:36,"Casa en Venta, los alcazares, Sabaneta",$230.000.000 | 45 m² | 2 | 1
2024-06-23 18:33:36,"Casa en Venta, Río frio, Chía",$230.000.000 | 45 m² | 2 | 1
2024-06-23 18:33:36,"Casa en Venta, EL INGENIO III, Cali",
2024-06-23 18:33:36,"Casa en Venta, SANTA BARBARA ORIENTAL, Bogotá D.C.",$1.620.000.000 | 650 m² | 5 | 5
2024-06-23 18:33:36,"Casa en Venta, caminos del bosque, Bogotá D.C.",$1.620.000.000 | 650 m² | 5 | 5
2024-06-23 18:33:36,"Casa en Venta, Verdes el salitre, La Calera",
2024-06-23 18:33:36,"Casa en Venta, Palma, Envigado",$780.000.000 | 238 m² | 4 | 3
2024-06-23 18:33:36,"Casa en Venta, Vereda la Vecta, Copacabana",$780.000.000 | 238 m² | 4 | 3
2024-06-23 18:33:36,"Casa en Venta, San Lucas, Envigado",
2024-06-23 18:33:36,"Casa en Venta, SANTA  ANA SUR, Bogotá D.C.",$1.750.000.000 | 246.84 m² | 4 | 4
2024-06-23 18:33:36,"Casa en Venta, O   LA AURORA, Funza",$1.750.000.000 | 246.84 m² | 4 | 4
2024-06-23 18:33:36,"Casa en Venta, VILLA CAMPESTRE, Barranquilla",
2024-06-23 18:33:36,"Casa en Venta, BARRIO PORVENIR, Funza",$1.500.000.000 | 499 m² | 4 | 5
2024-06-23 18:33:36,"Casa en Venta, VERDE VIVO, Cajicá",$1.500.000.000 | 499 m² | 4 | 5
2024-06-23 18:33:36,"Casa en Venta, Balmoral, Fusagasuga",
2024-06-23 18:33:36,"Casa en Venta, EL VERGEL, Ibagué",$850.000.000 | 220 m² | 3 | 5
2024-06-23 18:33:36,"Casa en Venta, CARTAGENA   ISLA BARÚ, Barú",$850.000.000 | 220 m² | 3 | 5
2024-06-23 18:33:36,"Casa en Venta, NORMANDIA OCCIDENTAL, Bogotá D.C.",
2024-06-23 18:33:36,"Casa en Venta, San Lucas   Envigado, Envigado",$700.000.000 | 141.05 m² | 3 | 4
2024-06-23 18:33:36,"Casa en Venta, COUNTRY SUR, Bogotá D.C.",$700.000.000 | 141.05 m² | 3 | 4
2024-06-23 18:33:36,"Casa en Venta, Sector Carmen de Apicalá, Carmen De Apicala",
2024-06-23 18:33:36,"Casa en Venta, Sector Guamo Tolima, Guamo",$1.150.000.000 | 267 m² | 4 | 2
2024-06-23 18:33:36,"Casa en Venta, Sector Melgar Tolima, Melgar",$1.150.000.000 | 267 m² | 4 | 2
2024-06-23 18:33:36,"Casa en Venta, Villa De Leyva",
2024-06-23 18:33:36,"Casa en Venta, altos de manare, Yopal",$750.000.000 | 300 m² | 5 | 5
2024-06-23 18:33:36,"Casa en Venta, Sopo (Incluye Yerbabuena)",$750.000.000 | 300 m² | 5 | 5
2024-06-23 18:33:36,"Casa en Venta, NIZA ANTIGUA, Bogotá D.C.",
2024-06-23 18:33:36,"Casa en Venta, Villa De Leyva",$240.000.000 | 96 m² | 3 | 3
2024-06-23 18:33:36,"Casa en Venta, ENVIGADO, Envigado",$240.000.000 | 96 m² | 3 | 3
2024-06-23 18:33:36,"Casa en Venta, Ricaurte",
2024-06-23 18:33:36,"Casa en Venta, VILLA SANTOS, Barranquilla",$510.000.000 | 104 m² | 3 | 2
2024-06-23 18:33:36,"Casa en Venta, ENVIGADO, Envigado",$510.000.000 | 104 m² | 3 | 2
2024-06-23 18:33:36,"Casa en Venta, SAN JOSE DE BAVARIA, Bogotá D.C.",
2024-06-23 18:33:36,"Casa en Venta, BALCON DE LINDARAJA, Bogotá D.C.",$398.000.000 | 93 m² | 2 | 3
2024-06-23 18:33:36,"Casa en Venta, LA SAMARIA, Ibagué",$398.000.000 | 93 m² | 2 | 3
2024-06-23 18:33:36,"Casa en Venta, Chia, Chía",
2024-06-23 18:33:36,"Casa en Venta, HACIENDA SAN SIMON, Bogotá D.C.",$1.500.000.000 | 240 m² | 3 | 3
2024-06-23 18:33:36,"Casa en Venta, SUBA TUNA ALTA, Bogotá D.C.",$1.500.000.000 | 240 m² | 3 | 3
2024-06-23 18:33:36,"Casa en Venta, SAN JOSE DE BAVARIA, Bogotá D.C.",
2024-06-23 18:33:36,"Casa en Venta, MORA VERDE, Bogotá D.C.",$1.200.000.000 | 290 m² | 3 | 4
2024-06-23 18:33:36,"Casa en Venta, SAN JOSE DE BAVARIA, Bogotá D.C.",$1.200.000.000 | 290 m² | 3 | 4
2024-06-23 18:33:36,"Casa en Venta, san jose de bavaria, Bogotá D.C.",
2024-06-23 18:33:36,"Casa en Venta, SAN JOSE BAVARIA, Bogotá D.C.",$1.490.000.000 | 234 m² | 3 | 4
2024-06-23 18:33:36,"Casa en Venta, SAN JOSE BAVARIA, Bogotá D.C.",$1.490.000.000 | 234 m² | 3 | 4
2024-06-23 18:33:36,"Casa en Venta, VILLA DE LOS ALPES, Bogotá D.C.",
2024-06-23 18:33:36,"Casa en Venta, LA MILAGROSA, Medellín",$350.000.000 | 143 m² | 5 | 3
2024-06-23 18:33:36,"Casa en Venta, TIQUIZA, Chía",$350.000.000 | 143 m² | 5 | 3
2024-06-23 18:33:36,"Casa en Venta, Apulo, Apulo",
2024-06-23 18:33:36,"Casa en Venta, HACIENDA SAN SIMON, Bogotá D.C.",$350.000.000 | 290 m² | 4 | 3
2024-06-23 18:33:36,"Casa en Venta, HACIENDA SAN SIMON, Bogotá D.C.",$350.000.000 | 290 m² | 4 | 3
2024-06-23 18:33:36,"Casa en Venta, PANCE, Cali",
2024-06-23 18:33:36,"Casa en Venta, San Joaquín, Bogotá D.C.",$2.200.000.000 | 427 m² | 5 | 5
2024-06-23 18:33:36,"Casa en Venta, BOSA   CALDAS, Bogotá D.C.",$2.200.000.000 | 427 m² | 5 | 5
2024-06-23 18:33:36,"Casa en Venta, EL POBLADO, Medellín",
2024-06-23 18:33:36,"Casa en Venta, bogota| san jose de bavaria, Bogotá D.C.",$2.990.000.000 | 370.89 m² | 4 | 5
2024-06-23 18:33:36,"Casa en Venta, EL POBLADO, Medellín",$2.990.000.000 | 370.89 m² | 4 | 5
2024-06-23 18:33:36,"Casa en Venta, VILLALUZ, Bogotá D.C.",
2024-06-23 18:33:36,"Casa en Venta, LOMA DEL BARRO, Envigado",$1.430.000.000 | 181 m² | 3 | 4
2024-06-23 18:33:36,"Casa en Venta, CHAPINERO, Bogotá D.C.",$1.430.000.000 | 181 m² | 3 | 4
2024-06-23 18:33:36,"Casa en Venta, QUINTAS DE SANTA MARIA, Bogotá D.C.",
2024-06-23 18:33:36,"Casa en Venta, EL POBLADO SAN LUCAS, Medellín",$720.000.000 | 280 m² | 5 | 3
2024-06-23 18:33:36,"Casa en Venta, Suba vía Cota, Cota (Incluye Siberia)",$720.000.000 | 280 m² | 5 | 3
2024-06-23 18:33:36,"Casa en Venta, VALLE DEL LILI, Cali",
2024-06-23 18:33:36,"Casa en Venta, Hacienda Fontanar, Chía",$2.650.000.000 | 355 m² | 3 | 4
2024-06-23 18:33:36,"Casa en Venta, NUEVA ROMA, Bogotá D.C.",$2.650.000.000 | 355 m² | 3 | 4
2024-06-23 18:33:36,"Casa en Venta, PANCE LA VIGA, Cali",
2024-06-23 18:33:36,"Casa en Venta, SAN LUIS GALERIAS, Bogotá D.C.",$2.700.000.000 | 450 m² | 5 | 5
2024-06-23 18:33:36,"Casa en Venta, EL POBLADO, Medellín",$2.700.000.000 | 450 m² | 5 | 5
2024-06-23 18:33:36,"Casa en Venta, SAN JOSE DE BAVARIA, Bogotá D.C.",
2024-06-23 18:33:36,"Casa en Venta, SAN JOSE DE BAVARIA, Bogotá D.C.",$650.000.000 | 80 m² | 2 | 3
2024-06-23 18:33:36,"Casa en Venta, ENVIGADO, Envigado",$650.000.000 | 80 m² | 2 | 3
2024-06-23 18:33:36,"Casa en Venta, BOSQUE DE PINOS   S2 AG, Bogotá D.C.",
2024-06-23 18:33:36,"Casa en Venta, SAN PEDRO DE TIBABUYES, Bogotá D.C.",$600.000.000 | 96 m² | 3 | 2
2024-06-23 18:33:36,"Casa en Venta, La Venta, Fusagasuga",$600.000.000 | 96 m² | 3 | 2
2024-06-23 18:33:36,"Casa en Venta, SAN JOSE DE BAVARIA, Bogotá D.C.",
2024-06-23 18:33:36,"Casa en Venta, SAN JOSE BAVARIA, Bogotá D.C.",$820.000.000 | 160 m² | 4 | 4
2024-06-23 18:33:36,"Casa en Venta, SAN JOSE BAVARIA, Bogotá D.C.",$820.000.000 | 160 m² | 4 | 4
2024-06-23 18:33:36,"Casa en Venta, HACIENDA SAN SIMON, Bogotá D.C.",
2024-06-23 18:33:36,"Casa en Venta, EL ALCARABAN, Acacias",$1.475.000.000 | 230 m² | 3 | 4
2024-06-23 18:33:36,"Casa en Venta, SAN FERNANDO, Bogotá D.C.",$1.475.000.000 | 230 m² | 3 | 4
2024-06-23 18:33:36,"Casa en Venta, HACIENDA SAN SIMON, Bogotá D.C.",
2024-06-23 18:33:36,"Casa en Venta, SAN JOSE BAVARIA, Bogotá D.C.",$350.000.000 | 108.9 m² | 3 | 3
2024-06-23 18:33:36,"Casa en Venta, Fusagasuga",$350.000.000 | 108.9 m² | 3 | 3
2024-06-23 18:33:36,"Casa en Venta, NUEVO HORIZONTE, Soacha",
2024-06-23 18:33:36,"Casa en Venta, LA TEBAIDA, Armenia",$1.450.000.000 | 446.3 m² | 5 | 5
2024-06-23 18:33:36,"Casa en Venta, Jordan Vi, Ibagué",$1.450.000.000 | 446.3 m² | 5 | 5
2024-06-23 18:33:36,"Casa en Venta, Conjunto Residencial Camino del Cerro, Bogotá …",
2024-06-23 18:33:36,"Casa en Venta, 20 DE JULIO, Bogotá D.C.",$375.000.000 | 66 m² | 3 | 2
2024-06-23 18:33:36,"Casa en Venta, Villa de Leyva, Villa De Leyva",$375.000.000 | 66 m² | 3 | 2
2024-06-23 18:33:36,"Casa en Venta, la pradera norte usaquen, Bogotá D.C.",
2024-06-23 18:33:36,"Casa en Venta, Girardot Vereda Agua Blanca, Girardot",$629.000.000 | 265 m² | 3 | 3
2024-06-23 18:33:36,"Casa en Venta, VILLA LUZ, Bogotá D.C.",$629.000.000 | 265 m² | 3 | 3
2024-06-23 18:33:36,"Casa en Venta, Fontanar, Chía",
2024-06-23 18:33:36,"Casa en Venta, SOLEDAD, Soledad",$695.000.000 | 268.8 m² | 5 | 3
2024-06-23 18:33:36,"Casa en Venta, RECODO DEL COUNTRY, Bogotá D.C.",$695.000.000 | 268.8 m² | 5 | 3
2024-06-23 18:33:36,"Casa en Venta, MONTICHELO, Bogotá D.C.",
2024-06-23 18:33:36,"Casa en Venta, Lagos del Cacique, Bucaramanga",$3.600.000.000 | 540 m² | 3 | 5
2024-06-23 18:33:36,"Casa en Venta, Paola Andrea López 316851_6001, Cajicá",$3.600.000.000 | 540 m² | 3 | 5
2024-06-23 18:33:36,"Casa en Venta, PLAZUELA DE IBERIA, Bogotá D.C.",
2024-06-23 18:33:36,"Casa en Venta, DAPA, Yumbo",$3.180.000.000 | 330 m² | 4 | 5
2024-06-23 18:33:36,"Casa en Venta, URBANIZACION RIASCOS, Santa Marta",$3.180.000.000 | 330 m² | 4 | 5
2024-06-23 18:33:36,"Apartamento en Venta, Colina Campestre I Y Ii Etapa, Bogotá D.C.",
2024-06-23 18:33:36,"Casa en Venta, Puerto Colombia, Puerto Colombia",$2.700.000.000 | 625 m² | 5 | 5
2024-06-23 18:33:36,"Casa en Venta, Sopo (Incluye Yerbabuena)",$2.700.000.000 | 625 m² | 5 | 5
2024-06-23 18:33:36,"Casa en Venta, LA VEGA CUNDINAMARCA, La Vega",
2024-06-23 18:33:36,"Casa en Venta, Envigado loma del atravesado, Envigado",$4.000.000.000 | 432 m² | 3 | 5
2024-06-23 18:33:36,"Casa en Venta, VILLA CAMPESTRE, Barranquilla",$4.000.000.000 | 432 m² | 3 | 5
2024-06-23 18:33:36,"Casa en Venta, SAN JOSE BAVARIA, Bogotá D.C.",
2024-06-23 18:33:36,"Casa en Venta, La Maria Pance, Cali",$3.500.000.000 | 700 m² | 5 | 5
2024-06-23 18:33:36,"Casa en Venta, ALTOS DE SOTILEZA, Bogotá D.C.",$3.500.000.000 | 700 m² | 5 | 5
2024-06-23 18:33:36,"Casa en Venta, BUENOS AIRES, Medellín",
2024-06-23 18:33:36,"Casa en Venta, ONCE DE NOVIEMBRE, Bogotá D.C.",250 | 2 | 3
2024-06-23 18:33:36,"Casa en Venta, LA TEBAIDA, Armenia",97.2 | 3 | 3
2024-06-23 18:33:36,"Casa en Venta, LA SOLEDAD TEUSAQUILLO, Bogotá D.C.",140 | 3 | 2
2024-06-23 18:33:36,"Casa en Venta, Fusagasuga",$1.350.000.000 | 250 m² | 3 | 3
2024-06-23 18:33:36,"Casa en Venta, GUAYMARAL, Bogotá D.C.",$1.350.000.000 | 250 m² | 3 | 3
2024-06-23 18:33:36,"Casa en Venta, san miguel, Girardot",
2024-06-23 18:33:36,"Casa en Venta, Cojunto cerrado el trapiche, Villavicencio",$600.000.000 | 231 m² | 5 | 5
2024-06-23 18:33:36,"Casa en Venta, Nueva Esperanza 2, Villavicencio",$600.000.000 | 231 m² | 5 | 5
2024-06-23 18:33:36,"Casa en Venta, SAN JOSE DE BAVARIA, Bogotá D.C.",
2024-06-23 18:33:36,"Casa en Venta, Loma del atravesado, Envigado",$800.000.000 | 212 m² | 4 | 3
2024-06-23 18:33:36,"Casa en Venta, soacha, Soacha",$800.000.000 | 212 m² | 4 | 3
2024-06-23 18:33:36,"Casa en Venta, CERROS DE PROVENZA, Bogotá D.C.",
2024-06-23 18:33:36,"Casa en Venta, POLO CLUB, Bogotá D.C.",$2.700.000.000 | 660 m² | 3 | 3
2024-06-23 18:33:36,"Casa en Venta, bogota| san jose de bavaria, Bogotá D.C.",$2.700.000.000 | 660 m² | 3 | 3
2024-06-23 18:33:36,"Casa en Venta, LOMA DEL ESCOBERO, Envigado",
2024-06-23 18:33:36,"Casa en Venta, Loma del Atravesado, Envigado",$430.000.000 | 202 m² | 5 | 3
2024-06-23 18:33:36,"Casa en Venta, EL POBLADO TESORO, Medellín",$430.000.000 | 202 m² | 5 | 3
2024-06-23 18:33:36,"Casa en Venta, Villa Magdala, Bogotá D.C.",
2024-06-23 18:33:36,"Casa en Venta, LOMA PADRE MARIANITO, Medellín",$1.100.000.000 | 218 m² | 3 | 4
2024-06-23 18:33:36,"Casa en Venta, Benedictinos  Envigado, Envigado",$1.100.000.000 | 218 m² | 3 | 4
2024-06-23 18:33:36,"Casa en Venta, EL POBLADO LOS BALSOS, Medellín",
2024-06-23 18:33:36,"Casa en Venta, San Lucas  Envigado, Envigado",$780.000.000 | 220 m² | 3 | 4
2024-06-23 18:33:36,"Casa en Venta, San Lucas  Envigado, Envigado",$780.000.000 | 220 m² | 3 | 4
2024-06-23 18:33:36,"Casa en Venta, Loma del Chocho  Envigado, Envigado",
2024-06-23 18:33:36,"Casa en Venta, bogota| san jose de bavaria, Bogotá D.C.",$1.900.000.000 | 560 m² | 5 | 5
2024-06-23 18:33:36,"Casa en Venta, LA ALBORADA, Bogotá D.C.",$1.900.000.000 | 560 m² | 5 | 5
2024-06-23 18:33:36,"Casa en Venta, ALFONSO LOPEZ, Bogotá D.C.",
2024-06-23 18:33:36,"Casa en Venta, playa rica, Pereira",$3.500.000.000 | 422.5 m² | 5 | 5
2024-06-23 18:33:36,"Casa en Venta, Cajicá",$3.500.000.000 | 422.5 m² | 5 | 5
2024-06-23 18:33:36,"Casa en Venta, NORMANDIA I, Bogotá D.C.",
2024-06-23 18:33:36,"Casa en Venta, PORTALES DEL MONTE, Bogotá D.C.",$1.100.000.000 | 347 m² | 5 | 4
2024-06-23 18:33:36,"Casa en Venta, Narino",$1.100.000.000 | 347 m² | 5 | 4
2024-06-23 18:33:36,"Casa en Venta, VILLA CAMPESTRE, Barranquilla",
2024-06-23 18:33:36,"Casa en Venta, La Reforma, Cali",$2.800.000.000 | 331 m² | 3 | 4
2024-06-23 18:33:36,"Casa en Venta, ARBOLEDA, Cali",$2.800.000.000 | 331 m² | 3 | 4
2024-06-23 18:33:36,"Casa en Venta, PANCE AV LA MARIA, Cali",
2024-06-23 18:33:36,"Casa en Venta, VILLA DEL PRADO, Bogotá D.C.",$750.000.000 | 500 m² | 5 | 5
2024-06-23 18:33:36,"Casa en Venta, vereda Bojaca, Chía",$750.000.000 | 500 m² | 5 | 5
2024-06-23 18:33:36,"Casa en Venta, TIMIZA, Bogotá D.C.",
2024-06-23 18:33:36,"Casa en Venta, Cota (Incluye Siberia)",$709.891.592 | 234 m² | 5 | 5
2024-06-23 18:33:36,"Casa en Venta, EL BOSQUE, Cartagena de Indias",$709.891.592 | 234 m² | 5 | 5
2024-06-23 18:33:36,"Casa en Venta, LOS ALPES, Barranquilla",
2024-06-23 18:33:36,"Casa en Venta, LA TEBAIDA, Armenia",$1.188.478.089 | 0 m² | 5 | 4
2024-06-23 18:33:36,"Casa en Venta, LA HACIENDA, Cali",$1.188.478.089 | 0 m² | 5 | 4
2024-06-23 18:33:36,"Casa en Venta, GUADALUPE, Cali",
2024-06-23 18:33:36,"Casa en Venta, CONDOMINIO ALTO PANCE, Cali",$641.000.000 | 0 m² | 4 | 3
2024-06-23 18:33:36,"Casa en Venta, Manzanares, Bucaramanga",$641.000.000 | 0 m² | 4 | 3
2024-06-23 18:33:36,"Casa en Venta, SAN ANTONIO, Cali",
2024-06-23 18:33:36,"Casa en Venta, CIUDAD 200, Cali",$1.600.000.000 | 250 m² | 3 | 3
2024-06-23 18:33:36,"Casa en Venta, ENVIGADO, Envigado",$1.600.000.000 | 250 m² | 3 | 3
2024-06-23 18:33:36,"Casa en Venta, RIONEGRO, Rionegro",
2024-06-23 18:33:36,"Casa en Venta, ENVIGADO, Envigado",$560.000.000 | 166 m² | 3 | 4
2024-06-23 18:33:36,"Casa en Venta, KUBIK VERDE, Sopo (Incluye Yerbabuena)",$560.000.000 | 166 m² | 3 | 4
2024-06-23 18:33:36,"Casa en Venta, Maria Eugenia, Barrancabermeja",
2024-06-23 18:33:36,"Casa en Venta, EL RECREO DE LOS FRAILES, Bogotá D.C.",$2.200.000.000 | 368 m² | 4 | 5
2024-06-23 18:33:36,"Casa en Venta, Alto de Patios, La Calera",$2.200.000.000 | 368 m² | 4 | 5
2024-06-23 18:33:36,"Casa en Venta, SAN JOSE DE BAVARIA, Bogotá D.C.",
2024-06-23 18:33:36,"Casa en Venta, RECREO DE LOS FRAILES, Bogotá D.C.",$1.835.000.000 | 420 m² | 5 | 4
2024-06-23 18:33:36,"Casa en Venta, Sopo, Sopo (Incluye Yerbabuena)",$1.835.000.000 | 420 m² | 5 | 4
2024-06-23 18:33:36,"Casa en Venta, SAN SIMON, Bogotá D.C.",
2024-06-23 18:33:36,"Casa en Venta, Villa Milena, Neiva",$1.750.000.000 | 323 m² | 3 | 2
2024-06-23 18:33:36,"Casa en Venta, ALHAMBRA MALIBU, Bogotá D.C.",$1.750.000.000 | 323 m² | 3 | 2
2024-06-23 18:33:36,"Casa en Venta, cajica, Cajicá",
2024-06-23 18:33:36,"Casa en Venta, ARMENIA, Armenia",$1.750.000.000 | 340 m² | 4 | 5
2024-06-23 18:33:36,"Casa en Venta, CAPRI, Cali",$1.750.000.000 | 340 m² | 4 | 5
2024-06-23 18:33:36,"Casa en Venta, PUENTE LARGO, Bogotá D.C.",
2024-06-23 18:33:36,"Casa en Venta, La Castellana, Bogotá D.C.",$700.000.000 | 128 m² | 3 | 3
2024-06-23 18:33:36,"Casa en Venta, Vereda la trampa, Cota (Incluye Siberia)",$700.000.000 | 128 m² | 3 | 3
2024-06-23 18:33:36,"Casa en Venta, RODEDORA SUR, Santa Marta",
2024-06-23 18:33:36,"Casa en Venta, SANTA BARBARA, La Mesa",$670.000.000 | 162 m² | 3 | 2
2024-06-23 18:33:36,"Casa en Venta, Vereda Cerca de Piedra C 010, Chía",$670.000.000 | 162 m² | 3 | 2
2024-06-23 18:33:36,"Casa en Venta, LOS ALAMOS NORTE, Bogotá D.C.",
2024-06-23 18:33:36,"Casa en Venta, ENVIGADO, Envigado",$1.615.000.000 | 400 m² | 3 | 3
2024-06-23 18:33:36,"Casa en Venta, SAN JOSE DE BAVARIA, Bogotá D.C.",$1.615.000.000 | 400 m² | 3 | 3
2024-06-23 18:33:36,"Casa en Venta, HACIENDA SAN SIMON, Bogotá D.C.",
2024-06-23 18:33:36,"Casa en Venta, el porvenir de la estancia, Bogotá D.C.",$1.325.000.000 | 280 m² | 4 | 5
2024-06-23 18:33:36,"Casa en Venta, La Pradera, Dos Quebradas",$1.325.000.000 | 280 m² | 4 | 5
2024-06-23 18:33:36,"Casa en Venta, EL TRONCAL, Cali",
2024-06-23 18:33:36,"Casa en Venta, SAN JOSE DE BAVARIA, Bogotá D.C.",$2.200.000.000 | 300 m² | 4 | 4
2024-06-23 18:33:36,"Apartamento en Venta, Antiguo Country, Bogotá D.C.",$2.200.000.000 | 300 m² | 4 | 4
2024-06-23 18:33:36,"Casa en Venta, SAN JOSE DE BAVARIA, Bogotá D.C.",
2024-06-23 18:33:36,"Casa en Venta, SUBA PINAR, Bogotá D.C.",$780.000.000 | 260 m² | 4 | 5
2024-06-23 18:33:36,"Casa en Venta, san jose de bavaria, Bogotá D.C.",$780.000.000 | 260 m² | 4 | 5
2024-06-23 18:33:36,"Casa en Venta, LA FLORA, Cali",
2024-06-23 18:33:36,"Casa en Venta, Chía",$1.600.000.000 | 362 m² | 4 | 5
2024-06-23 18:33:36,"Casa en Venta, Alfonso Lopez, Bogotá D.C.",$1.600.000.000 | 362 m² | 4 | 5
2024-06-23 18:33:36,"Casa en Venta, VILLA DEL RIO, Bogotá D.C.",
2024-06-23 18:33:36,"Casa en Venta, SAN LUIS GALERIAS, Bogotá D.C.",$3.200.000.000 | 550 m² | 4 | 5
2024-06-23 18:33:36,"Casa en Venta, BULEVAR NIZA, Bogotá D.C.",$3.200.000.000 | 550 m² | 4 | 5
2024-06-23 18:33:36,"Casa en Venta, SAN JOSE DE BAVARIA, Bogotá D.C.",
2024-06-23 18:33:36,"Casa en Venta, EL CANEY, Cali",$4.200.000.000 | 305 m² | 5 | 5
2024-06-23 18:33:36,"Casa en Venta, La Castellana, Bogotá D.C.",$4.200.000.000 | 305 m² | 5 | 5
2024-06-23 18:33:36,"Casa en Venta, LOMA LOS PARRA, Medellín",
2024-06-23 18:33:36,"Casa en Venta, san jose de bavaria, Bogotá D.C.",$1.400.000.000 | 320 m² | 4 | 5
2024-06-23 18:33:36,"Casa en Venta, RIONEGRO, Rionegro",$1.400.000.000 | 320 m² | 4 | 5
2024-06-23 18:33:36,"Casa en Venta, BELEN LA GLORIA, Medellín",
2024-06-23 18:33:36,"Casa en Venta, LA VIGA   AV  CAÑAS GORDAS, Cali",$970.000.000 | 179 m² | 4 | 4
2024-06-23 18:33:36,"Casa en Venta, San Jose De Bavaria, Bogotá D.C.",$970.000.000 | 179 m² | 4 | 4
2024-06-23 18:33:36,"Casa en Venta, CERROS ALTOS DE SUBA, Bogotá D.C.",
2024-06-23 18:33:36,"Casa en Venta, SAN JOSE DE BAVARIA, Bogotá D.C.",$2.500.000.000 | 480 m² | 4 | 5
2024-06-23 18:33:36,"Casa en Venta, canelon, Cajicá",$2.500.000.000 | 480 m² | 4 | 5
2024-06-23 18:33:36,"Casa en Venta, VILLA DEL RIO, Bogotá D.C.",
2024-06-23 18:33:36,"Casa en Venta, ALTAMIRA, Bogotá D.C.",$3.500.000.000 | 700 m² | 4 | 5
2024-06-23 18:33:36,"Casa en Venta, SANTA BARBARA CENTRAL, Bogotá D.C.",$3.500.000.000 | 700 m² | 4 | 5
2024-06-23 18:33:36,"Casa en Venta, Fusagasuga",
2024-06-23 18:33:36,"Casa en Venta, Chía",$1.700.000.000 | 450 m² | 4 | 4
2024-06-23 18:33:36,"Casa en Venta, EL RETIRO, Retiro",$1.700.000.000 | 450 m² | 4 | 4
2024-06-23 18:33:36,"Casa en Venta, ENVIGADO, Envigado",
2024-06-23 18:33:36,"Casa en Venta, RESERVA CAMPESTRE PANCE, Cali",$3.000.000.000 | 450 m² | 4 | 4
2024-06-23 18:33:36,"Casa en Venta, CALATRABA, Bogotá D.C.",$3.000.000.000 | 450 m² | 4 | 4
2024-06-23 18:33:36,"Casa en Venta, BOSQUES DEL MARQUEZ, Bogotá D.C.",
2024-06-23 18:33:36,"Casa en Venta, ENVIGADO, Envigado",$250.000.000 | 104.4 m² | 4 | 2
2024-06-23 18:33:36,"Casa en Venta, EL POBLADO, Medellín",$250.000.000 | 104.4 m² | 4 | 2
2024-06-23 18:33:36,"Casa en Venta, Río frio, Chía",
2024-06-23 18:33:36,"Casa en Venta, SAN RAFAEL, Bogotá D.C.",$550.000.000 | 144 m² | 5 | 2
2024-06-23 18:33:36,"Casa en Venta, JUNIN, Cali",$550.000.000 | 144 m² | 5 | 2
2024-06-23 18:33:36,"Casa en Venta, CAMINO DE ARRAYANES, Bogotá D.C.",
2024-06-23 18:33:36,"Casa en Venta, ACEVEDO TEJADA, Bogotá D.C.",$649.000.000 | 135 m² | 3 | 4
2024-06-23 18:33:36,"Casa en Venta, LA SOLEDAD TEUSAQUILLO, Bogotá D.C.",$649.000.000 | 135 m² | 3 | 4
2024-06-23 18:33:36,"Casa en Venta, EL POBLADO, Medellín",
2024-06-23 18:33:36,"Casa en Venta, HACIENDA SAN SIMON, Bogotá D.C.",$1.515.000.000 | 300 m² | 4 | 5
2024-06-23 18:33:36,"Casa en Venta, CONDOMINIO CABO VERDE MAIO, Ricaurte",$1.515.000.000 | 300 m² | 4 | 5
2024-06-23 18:33:36,"Casa en Venta, PAMPALINDA, Cali",
2024-06-23 18:33:36,"Casa en Venta, PROVENZA, Bucaramanga",$1.800.000.000 | 260 m² | 4 | 4
2024-06-23 18:33:36,"Casa en Venta, PAMPALINDA, Cali",$1.800.000.000 | 260 m² | 4 | 4
2024-06-23 18:33:36,"Casa en Venta, USAQUEN, Bogotá D.C.",
2024-06-23 18:33:36,"Casa en Venta, GUAYMARAL SAN SIMON, Bogotá D.C.",$2.400.000.000 | 550 m² | 4 | 4
2024-06-23 18:33:36,"Casa en Venta, Sopo (Incluye Yerbabuena)",$2.400.000.000 | 550 m² | 4 | 4
2024-06-23 18:33:36,"Casa en Venta, COLINA  DELMONTE, Bogotá D.C.",
2024-06-23 18:33:36,"Casa en Venta, ALAMEDA NORTE, Bogotá D.C.",$1.280.000.000 | 360 m² | 5 | 5
2024-06-23 18:33:36,"Casa en Venta, MARANTA III SECTOR, Bogotá D.C.",$1.280.000.000 | 360 m² | 5 | 5
2024-06-23 18:33:36,"Casa en Venta, LA VEGA CUNDINAMARTCA, La Vega",
2024-06-23 18:33:36,"Casa en Venta, San Jose De Bavaria, Bogotá D.C.",$800.000.000 | 343 m² | 5 | 4
2024-06-23 18:33:36,"Casa en Venta, VILLA GLADIS, Bogotá D.C.",$800.000.000 | 343 m² | 5 | 4
2024-06-23 18:33:36,"Casa en Venta, bogota| san jose de bavaria, Bogotá D.C.",
2024-06-23 18:33:36,"Casa en Venta, SAN JOSE DE BAVARIA, Bogotá D.C.",$249.000.000 | 100 m² | 4 | 3
2024-06-23 18:33:36,"Casa en Venta, SAN JOSE DE BAVARIA, Bogotá D.C.",$249.000.000 | 100 m² | 4 | 3
2024-06-23 18:33:36,"Casa en Venta, SAN SIMON, Bogotá D.C.",
2024-06-23 18:33:36,"Casa en Venta, verda alto de las Mercedes, La Calera",$2.000.000.000 | 415 m² | 5 | 5
2024-06-23 18:33:36,"Casa en Venta, LOMA  DE  LOS BENEDICTINOS, Envigado",$2.000.000.000 | 415 m² | 5 | 5
2024-06-23 18:33:36,"Casa en Venta, SAN LUCAS EL POBLADO, Medellín",
2024-06-23 18:33:36,"Casa en Venta, La Estrella",$1.880.000.000 | 450 m² | 4 | 4
2024-06-23 18:33:36,"Casa en Venta, VALLE DEL LILI, Cali",$1.880.000.000 | 450 m² | 4 | 4
2024-06-23 18:33:36,"Casa en Venta, Arriba de Ëxito, Fusagasuga",
2024-06-23 18:33:36,"Casa en Venta, El vergel, Fusagasuga",$1.630.000.000 | 345 m² | 4 | 4
2024-06-23 18:33:36,"Casa en Venta, ALTOS DE RIOMAR, Barranquilla",$1.630.000.000 | 345 m² | 4 | 4
2024-06-23 18:33:36,"Casa en Venta, VEREDA TIQUIZA, Chía",
2024-06-23 18:33:36,"Casa en Venta, PUEBLO VIEJO, Cota (Incluye Siberia)",$529.900.000 | 165 m² | 3 | 3
2024-06-23 18:33:36,"Casa en Venta, MILENTA, Bogotá D.C.",$529.900.000 | 165 m² | 3 | 3
2024-06-23 18:33:36,"Casa en Venta, SANTA RITA, Cali",
2024-06-23 18:33:36,"Casa en Venta, CHIA   SAN JACINTO, Bogotá D.C.",$670.000.000 | 150 m² | 3 | 3
2024-06-23 18:33:36,"Casa en Venta, Loma del Escobero, Medellín",$670.000.000 | 150 m² | 3 | 3
2024-06-23 18:33:36,"Casa en Venta, LAURELES CAMPESTRE, Medellín",
2024-06-23 18:33:36,"Casa en Venta, SAN JOSE BAVARIA, Bogotá D.C.",25.75 | 1 | 1
2024-06-23 18:33:36,"Casa en Venta, SAN JOSE BAVARIA, Bogotá D.C.",294 | 5 | 5
2024-06-23 18:33:36,"Casa en Venta, SAN LUCAS, Medellín",100
2024-06-23 18:33:36,"Casa en Venta, SANTA BARBARA CENTRAL USAQUEN, Bogotá D…",$1.290.000.000 | 253 m² | 5 | 5
2024-06-23 18:33:36,"Casa en Venta, CAPRI, Cali",$1.290.000.000 | 253 m² | 5 | 5
2024-06-23 18:33:36,"Casa en Venta, Palo de Agua, Cota (Incluye Siberia)",
2024-06-23 18:33:36,"Casa en Venta, Parcelación Aposentos, Sopo (Incluye Yerbabuena)",$500.000.000 | 100 m² | 4 | 3
2024-06-23 18:33:36,"Casa en Venta, SAN JOSE DE BAVARIA, Bogotá D.C.",$500.000.000 | 100 m² | 4 | 3
2024-06-23 18:33:36,"Casa en Venta, SAN JOSE DE BAVARIA, Bogotá D.C.",
2024-06-23 18:33:36,"Casa en Venta, HACIENDA SAN SIMON, Bogotá D.C.",$1.490.000.000 | 244 m² | 3 | 4
2024-06-23 18:33:36,"Casa en Venta, CAMINO REAL   LOS FUNDADORES, Cali",$1.490.000.000 | 244 m² | 3 | 4
2024-06-23 18:33:36,"Casa en Venta, LA  SELVA, Cali",
2024-06-23 18:33:36,"Casa en Venta, LA FLORA, Cali",$1.550.000.000 | 340.4 m² | 3 | 4
2024-06-23 18:33:36,"Casa en Venta, COLINA CAMPESTRE, Bogotá D.C.",$1.550.000.000 | 340.4 m² | 3 | 4
2024-06-23 18:33:36,"Casa en Venta, COTA, Cota (Incluye Siberia)",
2024-06-23 18:33:36,"Casa en Venta, HACIENDA SAN SIMON, Bogotá D.C.",$350.000.000 | 90 m² | 3 | 3
2024-06-23 18:33:36,"Casa en Venta, Fusagasuga",$350.000.000 | 90 m² | 3 | 3
2024-06-23 18:33:36,"Casa en Venta, EL RECREO, Barranquilla",
2024-06-23 18:33:36,"Casa en Venta, Fusagasuga",$1.750.000.000 | 224 m² | 3 | 5
2024-06-23 18:33:36,"Casa en Venta, Villa Diana conjunto Guicali, Funza",$1.750.000.000 | 224 m² | 3 | 5
2024-06-23 18:33:36,"Casa en Venta, SAN JOSE DE BAVARIA, Bogotá D.C.",
2024-06-23 18:33:36,"Casa en Venta, EL REFUGIO, Cali",$380.000.000 | 163 m² | 5 | 4
2024-06-23 18:33:36,"Casa en Venta, Santa ana oriental, Bogotá D.C.",$380.000.000 | 163 m² | 5 | 4
2024-06-23 18:33:36,"Casa en Venta, la pampa, Fusagasuga",
2024-06-23 18:33:36,"Casa en Venta, EL INGENIO I, Cali",$1.300.000.000 | 289 m² | 5 | 5
2024-06-23 18:33:36,"Casa en Venta, LA TEBAIDA, Armenia",$1.300.000.000 | 289 m² | 5 | 5
2024-06-23 18:33:36,"Casa en Venta, SANTA ANA ORIENTAL, Bogotá D.C.",
2024-06-23 18:33:36,"Casa en Venta, Norte De Armenia, Armenia",$1.300.000.000 | 350 m² | 5 | 4
2024-06-23 18:33:36,"Casa en Venta, Norte Armenia, Armenia",$1.300.000.000 | 350 m² | 5 | 4
2024-06-23 18:33:36,"Casa en Venta, HACIENDA SAN SIMON, Bogotá D.C.",
2024-06-23 18:33:36,"Casa en Venta, EL POBLADO, Medellín",$2.000.000.000 | 350 m² | 3 | 4
2024-06-23 18:33:36,"Casa en Venta, El Escobero, Envigado",$2.000.000.000 | 350 m² | 3 | 4
2024-06-23 18:33:36,"Casa en Venta, ENVIGADO, Envigado",
2024-06-23 18:33:36,"Casa en Venta, ENVIGADO, Envigado",$2.000.000.000 | 420 m² | 4 | 4
2024-06-23 18:33:36,"Casa en Venta, EL POBLADO, Medellín",$2.000.000.000 | 420 m² | 4 | 4
2024-06-23 18:33:36,"Casa en Venta, Tienda campesina, Chía",
2024-06-23 18:33:36,"Casa en Venta, centro, Retiro",$1.150.000.000 | 245 m² | 4 | 4
2024-06-23 18:33:36,"Casa en Venta, QUINTAS DE SANTA CLARA, Bogotá D.C.",$1.150.000.000 | 245 m² | 4 | 4
2024-06-23 18:33:36,"Casa en Venta, EL VERGEL ORIENTAL, Bogotá D.C.",
2024-06-23 18:33:36,"Casa en Venta, MALIBU, Bogotá D.C.",$660.000.000 | 137 m² | 3 | 3
2024-06-23 18:33:36,"Casa en Venta, VEREDA FAGUA, Chía",$660.000.000 | 137 m² | 3 | 3
2024-06-23 18:33:36,"Casa en Venta, CONDOMINIO CERROS DEL VIRREY , Sopo (Incluy…",
2024-06-23 18:33:36,"Casa en Venta, CEDRITIOS, Bogotá D.C.",$1.170.000.000 | 175 m² | 3 | 3
2024-06-23 18:33:36,"Casa en Venta, MALIBU, Bogotá D.C.",$1.170.000.000 | 175 m² | 3 | 3
2024-06-23 18:33:36,"Casa en Venta, HACIENDA IBERIA, Bogotá D.C.",
2024-06-23 18:33:36,"Casa en Venta, Sopo Vía la Calera, Sopo (Incluye Yerbabuena)",$450.000.000 | 215 m² | 5 | 3
2024-06-23 18:33:36,"Casa en Venta, PASADENA, Bogotá D.C.",$450.000.000 | 215 m² | 5 | 3
2024-06-23 18:33:36,"Casa en Venta, PASADENA, Bogotá D.C.",
2024-06-23 18:33:36,"Casa en Venta, Alfaguara   Guaduales de las mercedes, Jamundi",$1.600.000.000 | 300 m² | 5 | 5
2024-06-23 18:33:36,"Casa en Venta, GUAYMARAL, Bogotá D.C.",$1.600.000.000 | 300 m² | 5 | 5
2024-06-23 18:33:36,"Casa en Venta, HACIENDA SAN SIMON, Bogotá D.C.",
2024-06-23 18:33:36,"Casa en Venta, Abadia, Envigado",$1.380.000.000 | 300 m² | 3 | 5
2024-06-23 18:33:36,"Casa en Venta, La Calera, La Calera",$1.380.000.000 | 300 m² | 3 | 5
2024-06-23 18:33:36,"Casa en Venta, BAHIA SOLERO TORROSA, Ricaurte",
2024-06-23 18:33:36,"Casa en Venta, Valle de San José, San Gil",$1.750.000.000 | 450 m² | 4 | 4
2024-06-23 18:33:36,"Casa en Venta, CONJUNTO RESIDENCIAL VILLANUEVA, Girardot",$1.750.000.000 | 450 m² | 4 | 4
2024-06-23 18:33:36,"Casa en Venta, Colinas de Miravalle, Jamundi",
2024-06-23 18:33:36,"Casa en Venta, TERRAZAS, Bucaramanga",$2.600.000.000 | 640 m² | 4 | 4
2024-06-23 18:33:36,"Casa en Venta, Kennedy Ciudad Tintal NID 17554267206, Bogotá …",$2.600.000.000 | 640 m² | 4 | 4
2024-06-23 18:33:36,"Casa en Venta, EL VIRREY ULTIMA ETAPA, Bogotá D.C.",
2024-06-23 18:33:36,"Casa en Venta, LA ESMERALDA, Bogotá D.C.",$3.300.000.000 | 474.11 m² | 4 | 4
2024-06-23 18:33:36,"Casa en Venta, Centro, Cota (Incluye Siberia)",$3.300.000.000 | 474.11 m² | 4 | 4
2024-06-23 18:33:36,"Casa en Venta, ENVIGADO, Envigado",
2024-06-23 18:33:36,"Casa en Venta, EL RETIRO, Retiro",$370.000.000 | 225 m² | 5 | 5
2024-06-23 18:33:36,"Casa en Venta, LA VICTORIA, Bogotá D.C.",$370.000.000 | 225 m² | 5 | 5
2024-06-23 18:33:36,"Casa en Venta, GIRARDOT KM 12 VIA MELGAR GIRARDOT CONDO…",
2024-06-23 18:33:36,"Casa en Venta, SAN SIMON, Bogotá D.C.",$1.600.000.000 | 480 m² | 2 | 2
2024-06-23 18:33:36,"Casa en Venta, SAN JOSE DE BAVARIA, Bogotá D.C.",$1.600.000.000 | 480 m² | 2 | 2
2024-06-23 18:33:36,"Casa en Venta, SANTA BARBARA, La Mesa",
2024-06-23 18:33:36,"Casa en Venta, VALLADOLID, Bogotá D.C.",$2.600.000.000 | 480 m² | 5 | 5
2024-06-23 18:33:36,"Casa en Venta, CANTABRIA CANTALEJO, Bogotá D.C.",$2.600.000.000 | 480 m² | 5 | 5
2024-06-23 18:33:36,"Casa en Venta, Sindamanoy, Chía",
2024-06-23 18:33:36,"Casa en Venta, SAN JOSE BAVARIA, Bogotá D.C.",$1.300.000.000 | 330 m² | 4 | 4
2024-06-23 18:33:36,"Casa en Venta, PUEBLO VIEJO, Cota (Incluye Siberia)",$1.300.000.000 | 330 m² | 4 | 4
2024-06-23 18:33:36,"Casa en Venta, Alcaparros, Madrid",
2024-06-23 18:33:36,"Casa en Venta, EL POBLADO, Medellín",$170.000.000 | 72 m² | 3 | 1
2024-06-23 18:33:36,"Casa en Venta, LA CUMBRE, Barranquilla",$170.000.000 | 72 m² | 3 | 1
2024-06-23 18:33:36,"Casa en Venta, SAN JOSE DE BAVARIA, Bogotá D.C.",
2024-06-23 18:33:36,"Casa en Venta, CAFAM FLORESTA, Bogotá D.C.",$130.000.000 | 75 m² | 4 | 2
2024-06-23 18:33:36,"Casa en Venta, Nicolas de Federman, Bogotá D.C.",$130.000.000 | 75 m² | 4 | 2
2024-06-23 18:33:36,"Casa en Venta, ENVIGADO, Envigado",
2024-06-23 18:33:36,"Casa en Venta, NIZA, Bogotá D.C.",$3.900.000.000 | 750 m² | 4 | 5
2024-06-23 18:33:36,"Casa en Venta, La Palma, Fusagasuga",$3.900.000.000 | 750 m² | 4 | 5
2024-06-23 18:33:36,"Casa en Venta, POTOSI PONTEVEDRA, Bogotá D.C.",
2024-06-23 18:33:36,"Casa en Venta, RINCON DE TORCA, Bogotá D.C.",$950.000.000 | 402 m² | 5 | 5
2024-06-23 18:33:36,"Casa en Venta, Tabio",$950.000.000 | 402 m² | 5 | 5
2024-06-23 18:33:36,"Casa en Venta, ENVIGADO, Envigado",
2024-06-23 18:33:36,"Casa en Venta, san jose de bavaria, Bogotá D.C.",$1.780.000.000 | 224 m² | 3 | 5
2024-06-23 18:33:36,"Casa en Venta, PRADO VERANIEGO, Bogotá D.C.",$1.780.000.000 | 224 m² | 3 | 5
2024-06-23 18:33:36,"Casa en Venta, SIERRAS DEL MORAL, Bogotá D.C.",
2024-06-23 18:33:36,"Casa en Venta, FLORA, Cali",$1.348.000.000 | 200 m² | 3 | 3
2024-06-23 18:33:36,"Casa en Venta, El Escobero, Envigado",$1.348.000.000 | 200 m² | 3 | 3
2024-06-23 18:33:36,"Casa en Venta, EL POBLADO, Medellín",
2024-06-23 18:33:36,"Casa en Venta, DELMONTE SAN JOSE DE BAVARIA, Bogotá D.C.",$1.860.000.000 | 260 m² | 4 | 5
2024-06-23 18:33:36,"Casa en Venta, CONJUNTO VILLA MERCEDES, Chía",$1.860.000.000 | 260 m² | 4 | 5
2024-06-23 18:33:36,"Casa en Venta, cajica km 4 5, Cajicá",
2024-06-23 18:33:36,"Casa en Venta, Vereda San Diego, La Calera",$390.000.000 | 125 m² | 4 | 2
2024-06-23 18:33:36,"Casa en Venta, Flandes, Girardot",$390.000.000 | 125 m² | 4 | 2
2024-06-23 18:33:36,"Casa en Venta, SAN JOSE BAVARIA, Bogotá D.C.",
2024-06-23 18:33:36,"Casa en Venta, BALCON  DE LINDARAJA, Bogotá D.C.",$420.000.000 | 148 m² | 4 | 4
2024-06-23 18:33:36,"Casa en Venta, la flora, Cali",$420.000.000 | 148 m² | 4 | 4
2024-06-23 18:33:36,"Casa en Venta, CHIA VEREDA BOJACA, Chía",
2024-06-23 18:33:36,"Casa en Venta, Vittare, Cajicá",$800.000.000 | 173 m² | 4 | 5
2024-06-23 18:33:36,"Casa en Venta, Los Colorados, Los Patios",$800.000.000 | 173 m² | 4 | 5
2024-06-23 18:33:36,"Apartamento en Venta, El Laguito, Cartagena de Indias",
2024-06-23 18:33:36,"Casa en Venta, SAN JOSE DE BAVARIA, Bogotá D.C.",$1.398.000.000 | 180 m² | 3 | 3
2024-06-23 18:33:36,"Apartamento en Venta, Pance, Cali",$1.398.000.000 | 180 m² | 3 | 3
2024-06-23 18:33:36,"Apartamento en Venta, Bellavista, Barranquilla",
2024-06-23 18:33:36,"Apartamento en Venta, Villa Campestre, Barranquilla",$550.000.001 | 350 m² | 4 | 3
2024-06-23 18:33:36,"Casa en Venta, Comuna Cuba/Cuba, Pereira",$550.000.001 | 350 m² | 4 | 3
2024-06-23 18:33:36,"Apartamento en Venta, Rosales, Bogotá D.C.",
2024-06-23 18:33:36,"Apartamento en Venta, Alameda Del Rio, Barranquilla",$1.100.000.000 | 139 m² | 4 | 4
2024-06-23 18:33:36,"Apartamento en Venta, Chico Navarra, Bogotá D.C.",$1.100.000.000 | 139 m² | 4 | 4
2024-06-23 18:33:36,"Apartamento en Venta, El Molino, Cajicá",
2024-06-23 18:33:36,"Apartamento en Venta, La Castellana, Barranquilla",$2.500.000.000 | 400 m² | 3 | 4
2024-06-23 18:33:36,"Apartamento en Venta, Alto Prado, Barranquilla",$2.500.000.000 | 400 m² | 3 | 4
2024-06-23 18:33:36,"Apartamento en Venta, Alto Prado, Barranquilla",
2024-06-23 18:33:36,"Apartamento en Venta, El Chico, Bogotá D.C.",$1.400.000.000 | 350 m² | 3 | 3
2024-06-23 18:33:36,"Apartamento en Venta, Altos Del Limon, Barranquilla",$1.400.000.000 | 350 m² | 3 | 3
2024-06-23 18:33:36,"Apartamento en Venta, Alameda Del Rio, Barranquilla",
2024-06-23 18:33:36,"Apartamento en Venta, El Chico, Bogotá D.C.",$1.150.000.000 | 178 m² | 3 | 3
2024-06-23 18:33:36,"Apartamento en Venta, Loma Del Atravesado, Envigado",$1.150.000.000 | 178 m² | 3 | 3
2024-06-23 18:33:36,"Apartamento en Venta, Alto Prado, Barranquilla",
2024-06-23 18:33:36,"Apartamento en Venta, La Cabrera, Bogotá D.C.",$1.200.000.000 | 190 m² | 3 | 4
2024-06-23 18:33:36,"Apartamento en Venta, Chapinero Alto, Bogotá D.C.",$1.200.000.000 | 190 m² | 3 | 4
2024-06-23 18:33:36,"Casa en Venta, Frailes, Dos Quebradas",
2024-06-23 18:33:36,"Casa en Venta, San Nicolas, Pereira",$3.500.000.000 | 825 m² | 5 | 5
2024-06-23 18:33:36,"Casa en Venta, Comuna Universidad/Los Alamos, Pereira",$3.500.000.000 | 825 m² | 5 | 5
2024-06-23 18:33:36,"Casa en Venta, Chipre, Manizales",
2024-06-23 18:33:36,"Casa en Venta, Comuna San Joaquin/Santa Clara De Las Villas *…",$407.000.000 | 130 m² | 4 | 4
2024-06-23 18:33:36,"Casa en Venta, La Sultana, Manizales",$407.000.000 | 130 m² | 4 | 4
2024-06-23 18:33:36,"Casa en Venta, Comuna 8/Mirardor, Dos Quebradas",
2024-06-23 18:33:36,"Casa en Venta, Comuna 6/Buenos Aires, Dos Quebradas",$980.000.000 | 183 m² | 3 | 4
2024-06-23 18:33:36,"Casa en Venta, La Sultana, Manizales",$980.000.000 | 183 m² | 3 | 4
2024-06-23 18:33:36,"Casa en Venta, Santa Monica, Dos Quebradas",
2024-06-23 18:33:36,"Casa en Venta, Comuna 11/Los Naranjos, Dos Quebradas",$550.000.000 | 251 m² | 2 | 2
2024-06-23 18:33:36,"Casa en Venta, Comuna 9/La Mariana Giraldo, Dos Quebradas",$550.000.000 | 251 m² | 2 | 2
2024-06-23 18:33:36,"Casa en Venta, Comuna 10/Bosques De La Acuarela Et iv, Dos Q…",
2024-06-23 18:33:36,"Apartamento en Venta, Profesionales, Armenia",$2.800.000.000 | 592.85 m² | 5 | 5
2024-06-23 18:33:36,"Apartamento en Venta, ROSALES EMAUS, Bogotá D.C.",$2.800.000.000 | 592.85 m² | 5 | 5
2024-06-23 18:33:36,"Casa en Venta, Corales, Pereira",
2024-06-23 18:33:36,"Casa en Venta, La Francia, Manizales",$1.500.000.000 | 165 m² | 3 | 2
2024-06-23 18:33:36,"Apartamento en Venta, La Campiña, Barranquilla",$1.500.000.000 | 165 m² | 3 | 2
2024-06-23 18:33:36,"Apartamento en Venta, EL REFUGIO, Bogotá D.C.",
2024-06-23 18:33:36,"Apartamento en Venta, LOS ROSALES, Bogotá D.C.",$1.450.000.000 | 265 m² | 3 | 4
2024-06-23 18:33:36,"Casa en Venta, La Macarena, Dos Quebradas",$1.450.000.000 | 265 m² | 3 | 4
2024-06-23 18:33:36,"Casa en Venta, Comuna Centro/Sector 30 De Agosto, Pereira",
2024-06-23 18:33:36,"Casa en Venta, Dosquebradas/La Pradera, Dos Quebradas",$1.900.000.000 | 500 m² | 4 | 5
2024-06-23 18:33:36,"Casa en Venta, Comuna Cuba/Cuba, Pereira",$1.900.000.000 | 500 m² | 4 | 5
2024-06-23 18:33:36,"Casa en Venta, Corales, Pereira",
2024-06-23 18:33:36,"Casa en Venta, Belen, Manizales",$1.950.000.000 | 480 m² | 4 | 4
2024-06-23 18:33:36,"Casa en Venta, Centro, Pereira",$1.950.000.000 | 480 m² | 4 | 4
2024-06-23 18:33:36,"Apartamento en Venta, barranquilla, Barranquilla",
2024-06-23 18:33:36,"Apartamento en Venta, EL POBLADO, Medellín",216 | 3 | 2
2024-06-23 18:33:36,"Apartamento en Venta, Bocagrande, Cartagena de Indias",160 | 4 | 4
2024-06-23 18:33:36,"Casa en Venta, Comuna 4/Santa Isabel I Etapa, Dos Quebradas",55 | 1 | 2
2024-06-23 18:33:36,"Casa en Venta, Belmonte Bajo, Pereira",$2.000.000.000 | 480 m² | 4 | 3
2024-06-23 18:33:36,"Casa en Venta, Corales, Pereira",$2.000.000.000 | 480 m² | 4 | 3
2024-06-23 18:33:36,"Casa en Venta, Villa Pilar, Manizales",
2024-06-23 18:33:36,"Casa en Venta, Dosquebradas, Dos Quebradas",$1.120.000.000 | 182 m² | 3 | 4
2024-06-23 18:33:36,"Casa en Venta, Avenida 30 De Agosto, Pereira",$1.120.000.000 | 182 m² | 3 | 4
2024-06-23 18:33:36,"Casa en Venta, Via Cerritos, Pereira",
2024-06-23 18:33:36,"Casa en Venta, Armenia, Armenia",$1.100.000.000 | 340 m² | 4 | 3
2024-06-23 18:33:36,"Casa en Venta, Comuna Cuba / Naranjito, Pereira",$1.100.000.000 | 340 m² | 4 | 3
2024-06-23 18:33:36,"Apartamento en Venta, Ciudadela La Felicidad, Bogotá D.C.",
2024-06-23 18:33:36,"Apartamento en Venta, CUARTO DE LEGUA, Cali",$1.000.000.000 | 585 m² | 5 | 5
2024-06-23 18:33:36,"Casa en Venta, Combia, Pereira",$1.000.000.000 | 585 m² | 5 | 5
2024-06-23 18:33:36,"Casa en Venta, Galicia, Pereira",
2024-06-23 18:33:36,"Apartamento en Venta y Arriendo, EL POBLADO, Medellín",$1.475.000.000 | 230 m² | 3 | 4
2024-06-23 18:33:36,"Casa en Venta, Santa Monica, Dos Quebradas",$1.475.000.000 | 230 m² | 3 | 4
2024-06-23 18:33:36,"Apartamento en Venta, ALTOS DE SUBA, Bogotá D.C.",
2024-06-23 18:33:36,"Apartamento en Venta, La Frontera Suroriente, Medellín",$900.000.000 | 300 m² | 5 | 3
2024-06-23 18:33:36,"Apartamento en Venta, QUINTA PAREDES, Bogotá D.C.",$900.000.000 | 300 m² | 5 | 3
2024-06-23 18:33:36,"Apartamento en Venta, CHAPINERO, Bogotá D.C.",
2024-06-23 18:33:36,"Apartamento en Venta, CAMINO VERDE, Bogotá D.C.",$400.000.000 | 221 m² | 4 | 5
2024-06-23 18:33:36,"Apartamento en Venta, RESERVA DE ARANJUEZ, Bogotá D.C.",$400.000.000 | 221 m² | 4 | 5
2024-06-23 18:33:36,"Apartamento en Venta, topacio, Flandes",
2024-06-23 18:33:36,"Apartamento en Venta, SANTA ANA PORTAL AMERICAS, Bogotá…",$2.800.000.000 | 524 m² | 4 | 5
2024-06-23 18:33:36,"Apartamento en Venta, LOS ROSALES EMAUS, Bogotá D.C.",$2.800.000.000 | 524 m² | 4 | 5
2024-06-23 18:33:36,"Apartamento en Venta, La Vegas, Envigado",
2024-06-23 18:33:36,"Apartamento en Venta, El Castillo Chapinero, Bogotá D.C.",$330.000.000 | 150 m² | 3 | 3
2024-06-23 18:33:36,"Casa en Venta, Otro, Villamaria",$330.000.000 | 150 m² | 3 | 3
2024-06-23 18:33:36,"Apartamento en Venta, CAMINO REAL, Cali",
2024-06-23 18:33:36,"Casa en Venta, Otro, Manizales",$700.000.000 | 190 m² | 3 | 4
2024-06-23 18:33:36,"Casa en Venta, Comuna 9/Camilo Torres, Dos Quebradas",$700.000.000 | 190 m² | 3 | 4
2024-06-23 18:33:36,"Casa en Venta, Manizales, Manizales",
2024-06-23 18:33:36,"Apartamento en Venta, CIUDAD PACIFICA, Cali",$190.000.000 | 70 m² | 3 | 2
2024-06-23 18:33:36,"Casa en Venta, La Enea, Manizales",$190.000.000 | 70 m² | 3 | 2
2024-06-23 18:33:36,"Apartamento en Venta, el refugio, Cali",
2024-06-23 18:33:36,"Apartamento en Venta, PUEBLO VIEJO, La Estrella",$1.500.000.000 | 320 m² | 3 | 3
2024-06-23 18:33:36,"Casa en Venta, Comuna 10/El Bosque, Dos Quebradas",$1.500.000.000 | 320 m² | 3 | 3
2024-06-23 18:33:36,"Casa en Venta, Comuna Cuba/Cuba, Pereira",
2024-06-23 18:33:36,"Casa en Venta, Cerro De Oro, Manizales",$1.400.000.000 | 220 m² | 3 | 5
2024-06-23 18:33:36,"Casa en Venta, La Florida, Villamaria",$1.400.000.000 | 220 m² | 3 | 5
2024-06-23 18:33:36,"Casa en Venta, Palestina, Palestina",
2024-06-23 18:33:36,"Casa en Venta, Peralonso, Manizales",$155.000.000 | 77 m² | 3 | 2
2024-06-23 18:33:36,"Casa en Venta, La Enea, Manizales",$155.000.000 | 77 m² | 3 | 2
2024-06-23 18:33:36,"Casa en Venta, Villamaria, Villamaria",
2024-06-23 18:33:36,"Casa en Venta, Comuna 4/Santa Isabel I Etapa, Dos Quebradas",$2.500.000 | 268 m² | 3 | 4
2024-06-23 18:33:36,"Casa en Venta, Comuna 3/Campestre A, Dos Quebradas",$2.500.000 | 268 m² | 3 | 4
2024-06-23 18:33:36,"Casa en Venta, Campohermoso, Manizales",
2024-06-23 18:33:36,"Casa en Venta, Alamos, Pereira",$860.000.000 | 200 m² | 5 | 3
2024-06-23 18:33:36,"Apartamento en Venta, PAMPALINDA, Cali",$860.000.000 | 200 m² | 5 | 3
2024-06-23 18:33:36,"Casa en Venta, Otro, Manizales",
2024-06-23 18:33:36,"Casa en Venta, La Carola, Manizales",$2.400.000.000 | 460 m² | 4 | 5
2024-06-23 18:33:36,"Casa en Venta, Otro, Manizales",$2.400.000.000 | 460 m² | 4 | 5
2024-06-23 18:33:36,"Casa en Venta, Bosques Del Norte, Manizales",
2024-06-23 18:33:36,"Casa en Venta, El Carmen, Manizales",$3.200.000.000 | 520 m² | 5 | 5
2024-06-23 18:33:36,"Casa en Venta, Otro, Manizales",$3.200.000.000 | 520 m² | 5 | 5
2024-06-23 18:33:36,"Casa en Venta, Comuna Centro/Sector Lago Uribe, Pereira",
2024-06-23 18:33:36,"Apartamento en Venta, el chingui, Envigado",$1.100.000.000 | 227 m² | 3 | 5
2024-06-23 18:33:36,"Casa en Venta, Comuna Universidad/Canaan, Pereira",$1.100.000.000 | 227 m² | 3 | 5
2024-06-23 18:33:36,"Casa en Venta, Otro, Villamaria",
2024-06-23 18:33:36,"Casa en Venta, Otro, Villamaria",$1.640.000.000 | 390 m² | 4 | 5
2024-06-23 18:33:36,"Casa en Venta, Palermo, Manizales",$1.640.000.000 | 390 m² | 4 | 5
2024-06-23 18:33:36,"Casa en Venta, Comuna Cuba/Cuba, Pereira",
2024-06-23 18:33:36,"Casa en Venta, Palermo, Manizales",$1.100.000.000 | 360 m² | 3 | 4
2024-06-23 18:33:36,"Casa en Venta, Supia, Supia",$1.100.000.000 | 360 m² | 3 | 4
2024-06-23 18:33:36,"Casa en Venta, Manizales, Manizales",
2024-06-23 18:33:36,"Casa en Venta, Villa Pilar, Manizales",$2.020.000.000 | 325 m² | 3 | 4
2024-06-23 18:33:36,"Apartamento en Venta, QUINTAS DE DON SIMON, Cali",$2.020.000.000 | 325 m² | 3 | 4
2024-06-23 18:33:36,"Casa en Venta, Villamaria, Villamaria",
2024-06-23 18:33:36,"Casa en Venta, Palermo, Manizales",$1.650.000.000 | 286 m² | 3 | 3
2024-06-23 18:33:36,"Apartamento en Venta, LAS ANTILLAS, Envigado",$1.650.000.000 | 286 m² | 3 | 3
2024-06-23 18:33:36,"Casa en Venta, Avenida Sur, Pereira",
2024-06-23 18:33:36,"Casa en Venta, La Enea, Manizales",$950.000.000 | 320 m² | 5 | 5
2024-06-23 18:33:36,"Casa en Venta, Villamaria, Villamaria",$950.000.000 | 320 m² | 5 | 5
2024-06-23 18:33:36,"Apartamento en Venta, BOCHALEMA, Cali",
2024-06-23 18:33:36,"Casa en Venta, Palestina, Palestina",$1.100.000.000 | 204 m² | 3 | 4
2024-06-23 18:33:36,"Casa en Venta, Maraya, Pereira",$1.100.000.000 | 204 m² | 3 | 4
2024-06-23 18:33:36,"Casa en Venta, Comuna Cuba/San Fernando, Pereira",
2024-06-23 18:33:36,"Casa en Venta, Centro, Manizales",$1.200.000.000 | 196 m² | 3 | 3
2024-06-23 18:33:36,"Casa en Venta, Manizales, Manizales",$1.200.000.000 | 196 m² | 3 | 3
2024-06-23 18:33:36,"Casa en Venta, Otro, Manizales",
2024-06-23 18:33:36,"Apartamento en Venta, SANTA PAULA   MOCHUELO, Bogotá D.C.",$9.000.000.000 | 498 m² | 5 | 5
2024-06-23 18:33:36,"Casa en Venta, Agua Azul, Dos Quebradas",$9.000.000.000 | 498 m² | 5 | 5
2024-06-23 18:33:36,"Apartamento en Venta, EL NOGAL, Bogotá D.C.",
2024-06-23 18:33:36,"Apartamento en Venta, EL CAMPESTRE, Medellín",$2.200.000.000 | 415 m² | 4 | 4
2024-06-23 18:33:36,"Apartamento en Venta, EL REFUGIO, Bogotá D.C.",$2.200.000.000 | 415 m² | 4 | 4
2024-06-23 18:33:36,"Apartamento en Venta, La Abadia, Envigado",
2024-06-23 18:33:36,"Apartamento en Venta, LA RESERVA DE LA SIERRA, Bogotá D.C.",$740.000.000 | 183 m² | 3 | 2
2024-06-23 18:33:36,"Apartamento en Venta, LAGOS DE CORDOBA, Bogotá D.C.",$740.000.000 | 183 m² | 3 | 2
2024-06-23 18:33:36,"Apartamento en Venta, Loma del escobero, Envigado",
2024-06-23 18:33:36,"Apartamento en Venta, EL POBLADO SAN JULIAN, Medellín",$200.000.000 | 153.78 m² | 5 | 4
2024-06-23 18:33:36,"Apartamento en Venta, EL POBLADO CASTROPOL, Medellín",$200.000.000 | 153.78 m² | 5 | 4
2024-06-23 18:33:36,"Apartamento en Venta, San Lucas   Envigado, Envigado",
2024-06-23 18:33:36,"Apartamento en Venta, Loma De Los Parra, Medellín",$220.000.000 | 80 m² | 5 | 2
2024-06-23 18:33:36,"Apartamento en Venta, POBLADO LOMA DE ALEJANDRIA, Mede…",$220.000.000 | 80 m² | 5 | 2
2024-06-23 18:33:36,"Apartamento en Venta, EL POBLADO OVIEDO, Medellín",
2024-06-23 18:33:36,"Apartamento en Venta, Loma de las Brujas  Anvigado, Envigado",$1.300.000.000 | 170 m² | 3 | 4
2024-06-23 18:33:36,"Apartamento en Venta, LA TOMATERA, Medellín",$1.300.000.000 | 170 m² | 3 | 4
2024-06-23 18:33:36,"Apartamento en Venta, ALTOS DEL PARQUE, Barranquilla",
2024-06-23 18:33:36,"Apartamento en Venta, BRITALIA NORTE, Bogotá D.C.",$600.000.000 | 154 m² | 5 | 3
2024-06-23 18:33:36,"Apartamento en Venta, Pasadena, Bogotá D.C.",$600.000.000 | 154 m² | 5 | 3
2024-06-23 18:33:36,"Apartamento en Venta, CAJICA, Cajicá",
2024-06-23 18:33:36,"Apartamento en Venta, ALTOS DE RIOMAR, Barranquilla",$450.000.000 | 103 m² | 3 | 2
2024-06-23 18:33:36,"Apartamento en Venta, CHICO NORTE II SECTOR, Bogotá D.C.",$450.000.000 | 103 m² | 3 | 2
2024-06-23 18:33:36,"Apartamento en Venta, CHICO SAN PATRICIO, Bogotá D.C.",
2024-06-23 18:33:36,"Apartamento en Venta, Marly, Bogotá D.C.",$400.000.000 | 150 m² | 5 | 3
2024-06-23 18:33:36,"Apartamento en Venta, La Prosperidad, Madrid",$400.000.000 | 150 m² | 5 | 3
2024-06-23 18:33:36,"Apartamento en Venta, ALTOS DE MENGA, Cali",
2024-06-23 18:33:36,"Apartamento en Venta, COUNTRY RESERVADO, Bogotá D.C.",$2.200.000.000 | 457 m² | 4 | 4
2024-06-23 18:33:36,"Apartamento en Venta, Colina, Bogotá D.C.",$2.200.000.000 | 457 m² | 4 | 4
2024-06-23 18:33:36,"Apartamento en Venta, BOSQUE DE LA CAÑADA, Bogotá D.C.",
2024-06-23 18:33:36,"Apartamento en Venta, La prosperodad, Madrid",$1.800.000.000 | 700 m² | 5 | 5
2024-06-23 18:33:36,"Apartamento en Venta, SANTA BARBARA OCCIDENTAL, Bogotá …",$1.800.000.000 | 700 m² | 5 | 5
2024-06-23 18:33:36,"Apartamento en Venta, CERROS DE SUBA, Bogotá D.C.",
2024-06-23 18:33:36,"Apartamento en Venta, SAN PATRICIO, Bogotá D.C.",$1.100.000.000 | 350 m² | 3 | 2
2024-06-23 18:33:36,"Apartamento en Venta, ALTOS DE MIRAMAR, Barranquilla",$1.100.000.000 | 350 m² | 3 | 2
2024-06-23 18:33:36,"Apartamento en Venta, BELEN, Medellín",
2024-06-23 18:33:36,"Apartamento en Venta, LAURELES, Medellín",$1.450.000.000 | 332 m² | 3 | 5
2024-06-23 18:33:36,"Apartamento en Venta, CHICO   VIRREY, Bogotá D.C.",$1.450.000.000 | 332 m² | 3 | 5
2024-06-23 18:33:36,"Apartamento en Venta, CHAPINERO ALTO, Bogotá D.C.",
2024-06-23 18:33:36,"Apartamento en Venta, LOMA DE LOS GONZALES, Medellín",$390.000.000 | 96 m² | 3 | 2
2024-06-23 18:33:36,"Apartaestudio en Venta, Chapinero Alto, Bogotá D.C.",$390.000.000 | 96 m² | 3 | 2
2024-06-23 18:33:36,"Apartamento en Venta, LOS ROSALES CERRO PIJAO, Bogotá D.C.",
2024-06-23 18:33:36,"Apartamento en Venta, cabañas, Bello",$1.300.000.000 | 290 m² | 4 | 4
2024-06-23 18:33:36,"Apartamento en Venta, CAOBOS SALAZAR, Bogotá D.C.",$1.300.000.000 | 290 m² | 4 | 4
2024-06-23 18:33:36,"Apartamento en Venta, TEJAR, Cajicá",
2024-06-23 18:33:36,"Apartamento en Venta, CHICO NORTE III, Bogotá D.C.",$800.000.000 | 401.2 m² | 5 | 4
2024-06-23 18:33:36,"Apartamento en Venta, PASEO DEL LAGO, Bogotá D.C.",$800.000.000 | 401.2 m² | 5 | 4
2024-06-23 18:33:36,"Apartamento en Venta, MIRANDELA, Bogotá D.C.",
2024-06-23 18:33:36,"Apartamento en Venta, VICTORIA NORTE, Bogotá D.C.",$680.000.000 | 176.67 m² | 3 | 4
2024-06-23 18:33:36,"Apartamento en Venta, NOGAL  RETIRO, Bogotá D.C.",$680.000.000 | 176.67 m² | 3 | 4
2024-06-23 18:33:36,"Apartamento en Venta, SERRAMONTE, Bogotá D.C.",
2024-06-23 18:33:36,"Apartamento en Venta, LA CABRERA, Bogotá D.C.",$600.000.000 | 258 m² | 4 | 2
2024-06-23 18:33:36,"Apartamento en Venta, CHICO NORTE III, Bogotá D.C.",$600.000.000 | 258 m² | 4 | 2
2024-06-23 18:33:36,"Apartamento en Venta, SANTA PAULA, Bogotá D.C.",
2024-06-23 18:33:36,"Apartamento en Venta, CENTRO LAS NIEVES, Bogotá D.C.",$560.000.000 | 136 m² | 4 | 3
2024-06-23 18:33:36,"Apartamento en Venta, CHICO, Bogotá D.C.",$560.000.000 | 136 m² | 4 | 3
2024-06-23 18:33:36,"Apartamento en Venta, CHICO NOGAL, Bogotá D.C.",
2024-06-23 18:33:36,"Apartamento en Venta, LOS ROSALES EMAUS, Bogotá D.C.",$1.475.000.000 | 230 m² | 3 | 4
2024-06-23 18:33:36,"Apartamento en Venta, SANTA BARBARA ORIENTAL, Bogotá D.C.",$1.475.000.000 | 230 m² | 3 | 4
2024-06-23 18:33:36,"Apartamento en Venta, CHICO NORTE III, Bogotá D.C.",
2024-06-23 18:33:36,"Apartaestudio en Venta, CHICO NAVARRA, Bogotá D.C.",$450.000.000 | 250 m² | 3 | 3
2024-06-23 18:33:36,"Apartamento en Venta, CHICO LA CABRERA, Bogotá D.C.",$450.000.000 | 250 m² | 3 | 3
2024-06-23 18:33:36,"Apartamento en Venta, BELLA SUIZA, Bogotá D.C.",
2024-06-23 18:33:36,"Casa en Venta, Manizales, Manizales",$700.000.000 | 150 m² | 4 | 5
2024-06-23 18:33:36,"Apartamento en Venta, BELMIRA COUNTRY, Bogotá D.C.",$700.000.000 | 150 m² | 4 | 5
2024-06-23 18:33:36,"Apartamento en Venta, CHICO, Bogotá D.C.",
2024-06-23 18:33:36,"Apartamento en Venta, CERROS DE NIZA, Bogotá D.C.",$1.850.000.000 | 300 m² | 3 | 4
2024-06-23 18:33:36,"Apartamento en Venta, BOCHALEMA, Cali",$1.850.000.000 | 300 m² | 3 | 4
2024-06-23 18:33:36,"Apartamento en Venta, QUINTAS DE SANTA BARBARA, Bogotá …",
2024-06-23 18:33:36,"Casa en Venta, Alhambra, Manizales",$270.000.000 | 90 m² | 4 | 2
2024-06-23 18:33:36,"Apartaestudio en Venta, RETIRO, Bogotá D.C.",$270.000.000 | 90 m² | 4 | 2
2024-06-23 18:33:36,"Casa en Venta, Manizales, Manizales",
2024-06-23 18:33:36,"Casa en Venta, Comuna Cuba/Barberos, Pereira",0
2024-06-23 18:33:36,"Casa en Venta, Manizales, Manizales",414
2024-06-23 18:33:36,"Casa en Venta, Uribe, Manizales",65 | 2 | 2
2024-06-23 18:33:36,"Casa en Venta, Palermo, Manizales",$1.600.000.000 | 534.3 m² | 5 | 5
2024-06-23 18:33:36,"Apartamento en Venta, EL POBLADO, Medellín",$1.600.000.000 | 534.3 m² | 5 | 5
2024-06-23 18:33:36,"Apartamento en Venta, CIUDAD SALITRE, Bogotá D.C.",
2024-06-23 18:33:36,"Apartamento en Venta, LA BOQUILLA, Cartagena de Indias",$430.000.000 | 270 m² | 5 | 5
2024-06-23 18:33:36,"Apartamento en Venta, LA FELICIDAD, Bogotá D.C.",$430.000.000 | 270 m² | 5 | 5
2024-06-23 18:33:36,"Apartamento en Venta, LAURELES, Medellín",
2024-06-23 18:33:36,"Apartamento en Venta, SAN MIGUEL, Bogotá D.C.",$2.000.000.000 | 223 m² | 3 | 4
2024-06-23 18:33:36,"Apartamento en Venta, TEJARES   CRISTALES, Cali",$2.000.000.000 | 223 m² | 3 | 4
2024-06-23 18:33:36,"Apartamento en Venta, ALAMEDA DEL RIO, Barranquilla",
2024-06-23 18:33:36,"Apartamento en Venta, CUMBRES, Envigado",$2.400.000.000 | 430 m² | 4 | 5
2024-06-23 18:33:36,"Apartamento en Venta, LOS ANDES, Bogotá D.C.",$2.400.000.000 | 430 m² | 4 | 5
2024-06-23 18:33:36,"Apartamento en Venta, SAN PATRICIO   S2 AG, Bogotá D.C.",
2024-06-23 18:33:36,"Apartamento en Venta, CALASANIA, Medellín",$1.660.000.000 | 275 m² | 4 | 5
2024-06-23 18:33:36,"Apartamento en Venta, cedro salazar, Bogotá D.C.",$1.660.000.000 | 275 m² | 4 | 5
2024-06-23 18:33:36,"Apartamento en Venta, BELMIRA, Bogotá D.C.",
2024-06-23 18:33:36,"Apartamento en Venta, Cabañas, Bello",$1.500.000.000 | 269 m² | 4 | 4
2024-06-23 18:33:36,"Apartamento en Venta, CIUDAD JARDIN, Barranquilla",$1.500.000.000 | 269 m² | 4 | 4
2024-06-23 18:33:36,"Casa en Venta, Las Americas, Manizales",
2024-06-23 18:33:36,"Apartamento en Venta, chía centro, Chía",$450.000.000 | 120 m² | 4 | 5
2024-06-23 18:33:36,"Apartamento en Venta, EL POBLADO, Medellín",$450.000.000 | 120 m² | 4 | 5
2024-06-23 18:33:36,"Apartamento en Venta, SANTA BARBARA   S2 ND, Bogotá D.C.",
2024-06-23 18:33:36,"Apartamento en Venta, BELLA SUIZA CEDRITOS, Bogotá D.C.",$830.000.000 | 256 m² | 4 | 3
2024-06-23 18:33:36,"Apartamento en Venta, ANTIGUO CONTRY, Bogotá D.C.",$830.000.000 | 256 m² | 4 | 3
2024-06-23 18:33:36,"Apartamento en Venta, CASTILLOGRANDE, Cartagena de Indias",
2024-06-23 18:33:36,"Apartamento en Venta, BELEN, Medellín",$2.250.000.000 | 310 m² | 4 | 5
2024-06-23 18:33:36,"Apartamento en Venta, Alcaparros, Madrid",$2.250.000.000 | 310 m² | 4 | 5
2024-06-23 18:33:36,"Apartamento en Venta, TORRE LADERA, Bogotá D.C.",
2024-06-23 18:33:36,"Apartamento en Venta, PUENTE LARGO, Bogotá D.C.",$1.850.000.000 | 400 m² | 5 | 5
2024-06-23 18:33:36,"Apartamento en Venta, CHAPINERO CENTRAL, Bogotá D.C.",$1.850.000.000 | 400 m² | 5 | 5
2024-06-23 18:33:36,"Apartamento en Venta, Los Benedictinos, Envigado",
2024-06-23 18:33:36,"Apartamento en Venta, EL POBLADO, Medellín",$895.000.000 | 180 m² | 4 | 4
2024-06-23 18:33:36,"Apartamento en Venta, EL POBLADO, Medellín",$895.000.000 | 180 m² | 4 | 4
2024-06-23 18:33:36,"Apartamento en Venta, EL POBLADO, Medellín",
2024-06-23 18:33:36,"Apartamento en Venta, El Escobero, Envigado",$1.600.000.000 | 360 m² | 4 | 5
2024-06-23 18:33:36,"Apartamento en Venta, ALTOS DE RIOMAR, Barranquilla",$1.600.000.000 | 360 m² | 4 | 5
2024-06-23 18:33:36,"Apartamento en Venta, EL TABOR, Barranquilla",
2024-06-23 18:33:36,"Apartamento en Venta, BALCONES DE LINDARAJA, Bogotá D.C.",$3.100.000.000 | 338 m² | 4 | 5
2024-06-23 18:33:36,"Apartamento en Venta, Cajica, Cajicá",$3.100.000.000 | 338 m² | 4 | 5
2024-06-23 18:33:36,"Apartamento en Venta, EL POBLADO, Medellín",
2024-06-23 18:33:36,"Apartamento en Venta, SABANETA, Sabaneta",$400.000.000 | 154 m² | 5 | 5
2024-06-23 18:33:36,"Apartamento en Venta, CHICO NORTE III, Bogotá D.C.",$400.000.000 | 154 m² | 5 | 5
2024-06-23 18:33:36,"Apartamento en Venta, CHICO ALTO, Bogotá D.C.",
2024-06-23 18:33:36,"Apartamento en Venta, MONTEARROYO, Bogotá D.C.",$1.100.000.000 | 337 m² | 4 | 4
2024-06-23 18:33:36,"Apartamento en Venta, LOS ROSALES CERRO PIJAO, Bogotá D.C.",$1.100.000.000 | 337 m² | 4 | 4
2024-06-23 18:33:36,"Apartaestudio en Venta, CHICO NAVARRA, Bogotá D.C.",
2024-06-23 18:33:36,"Apartamento en Venta, LAS ACASIAS USAQUEN NID 1363818936…",$1.340.000.000 | 270 m² | 4 | 5
2024-06-23 18:33:36,"Apartamento en Venta, ANTIGUO CONTRY, Bogotá D.C.",$1.340.000.000 | 270 m² | 4 | 5
2024-06-23 18:33:36,"Apartamento en Venta, CAMINO VERDE, Envigado",
2024-06-23 18:33:36,"Apartamento en Venta, BALCONES DE BELLA SUIZA, Bogotá D.C.",$700.000.000 | 140 m² | 4 | 3
2024-06-23 18:33:36,"Apartamento en Venta, EL TOBERIN, Bogotá D.C.",$700.000.000 | 140 m² | 4 | 3
2024-06-23 18:33:36,"Apartamento en Venta, EL TESORO, Medellín",
2024-06-23 18:33:36,"Apartamento en Venta, ALTOS DEL CASTILLO, Bogotá D.C.",$499.000.000 | 250 m² | 5 | 4
2024-06-23 18:33:36,"Apartamento en Venta, CHICO RESERVADO, Bogotá D.C.",$499.000.000 | 250 m² | 5 | 4
2024-06-23 18:33:36,"Apartamento en Venta, Rosales, Bogotá D.C.",
2024-06-23 18:33:36,"Apartamento en Venta, SANTA PAULA   MOCHUELO, Bogotá D.C.",$940.000.000 | 222 m² | 4 | 5
2024-06-23 18:33:36,"Apartamento en Venta, Parque Central Bonavista, Bogotá D.C.",$940.000.000 | 222 m² | 4 | 5
2024-06-23 18:33:36,"Apartamento en Venta, ALTOS DE LA CABRERA, Bogotá D.C.",
2024-06-23 18:33:36,"Apartamento en Venta, EL POBLADO LOMA DE LOS PARRA, Med…",$1.600.000.000 | 450 m² | 2 | 5
2024-06-23 18:33:36,"Apartamento en Venta, SANTA BARBARA OCCIDENTAL, Bogotá …",$1.600.000.000 | 450 m² | 2 | 5
2024-06-23 18:33:36,"Apartamento en Venta, Fusagasuga",
2024-06-23 18:33:36,"Apartamento en Venta, LOS ROSALES, Bogotá D.C.",$690.000.000 | 185 m² | 3 | 4
2024-06-23 18:33:36,"Apartamento en Venta, LOS ROSALES, Bogotá D.C.",$690.000.000 | 185 m² | 3 | 4
2024-06-23 18:33:36,"Apartamento en Venta, CAMINO VERDE, Bogotá D.C.",
2024-06-23 18:33:36,"Apartamento en Venta, EL BATAN, Bogotá D.C.",$320.000.000 | 185 m² | 3 | 4
2024-06-23 18:33:36,"Apartamento en Venta, Fusagasuga",$320.000.000 | 185 m² | 3 | 4
2024-06-23 18:33:36,"Apartamento en Venta, TORRES DE LA PLAZUELA, Cartagena d…",
2024-06-23 18:33:36,"Apartamento en Venta, Fusagasuga",$1.200.000.000 | 400 m² | 4 | 5
2024-06-23 18:33:36,"Apartamento en Venta, SUBA LAS PALMAS, Bogotá D.C.",$1.200.000.000 | 400 m² | 4 | 5
2024-06-23 18:33:36,"Apartamento en Venta, VALLE DEL LILI, Cali",
2024-06-23 18:33:36,"Apartamento en Venta, SANTA BARBARA OCCIDENTAL, Bogotá …",$2.290.000.000 | 275 m² | 3 | 4
2024-06-23 18:33:36,"Apartamento en Venta, CHICO ORIENTAL, Bogotá D.C.",$2.290.000.000 | 275 m² | 3 | 4
2024-06-23 18:33:36,"Apartamento en Venta, COLINA CAMPESTRE, Bogotá D.C.",
2024-06-23 18:33:36,"Apartamento en Venta, CONDOMINIO ABADIAS, Floridablanca",$340.000.000 | 144 m² | 4 | 3
2024-06-23 18:33:36,"Apartamento en Venta, ciudad verde Palmeto, Soacha",$340.000.000 | 144 m² | 4 | 3
2024-06-23 18:33:36,"Apartamento en Venta, ANTIGUA LISBOA, Bogotá D.C.",
2024-06-23 18:33:36,"Apartamento en Venta, COLINA CAMPESTRE, Bogotá D.C.",$1.190.000.000 | 325 m² | 4 | 4
2024-06-23 18:33:36,"Apartamento en Venta, COLINA CAMPESTRE, Bogotá D.C.",$1.190.000.000 | 325 m² | 4 | 4
2024-06-23 18:33:36,"Apartamento en Venta, LOS ROSALES, Bogotá D.C.",
2024-06-23 18:33:36,"Apartamento en Venta, COLINA Y SUS ALREDEDORES, Bogotá …",$1.650.000.000 | 350 m² | 5 | 5
2024-06-23 18:33:36,"Apartamento en Venta, LA CAROLINA COUNTRY, Bogotá D.C.",$1.650.000.000 | 350 m² | 5 | 5
2024-06-23 18:33:36,"Apartamento en Venta, ENGATIVA, Bogotá D.C.",
2024-06-23 18:33:36,"Apartamento en Venta, BRITALIA NORTE, Bogotá D.C.",$3.500.000.000 | 495 m² | 4 | 4
2024-06-23 18:33:36,"Apartamento en Venta, GRATAMIRA, Bogotá D.C.",$3.500.000.000 | 495 m² | 4 | 4
2024-06-23 18:33:36,"Apartamento en Venta, TEUSAQUILLO, Bogotá D.C.",
2024-06-23 18:33:36,"Apartamento en Venta, PANCE, Cali",$270.000.000 | 216 m² | 5 | 3
2024-06-23 18:33:36,"Apartamento en Venta, suba, Bogotá D.C.",$270.000.000 | 216 m² | 5 | 3
2024-06-23 18:33:36,"Apartamento en Venta, CENTRO SUBA, Bogotá D.C.",
2024-06-23 18:33:36,"Apartamento en Venta, SANTA ANA ORIENTAL, Bogotá D.C.",$370.000.000 | 130 m² | 4 | 2
2024-06-23 18:33:36,"Apartamento en Venta, MONTERESERVA, Bogotá D.C.",$370.000.000 | 130 m² | 4 | 2
2024-06-23 18:33:36,"Apartamento en Venta, EL NOGAL, Bogotá D.C.",
2024-06-23 18:33:36,"Apartamento en Venta, ENGATIVA, Bogotá D.C.",$580.000.000 | 580 m² | 5 | 5
2024-06-23 18:33:36,"Apartamento en Venta, Juan de Acosta, Juan De Acosta",$580.000.000 | 580 m² | 5 | 5
2024-06-23 18:33:36,"Apartamento en Venta, ENGATIVA, Bogotá D.C.",
2024-06-23 18:33:36,"Apartamento en Venta, SANTA RITA, Cali",$1.200.000.000 | 320 m² | 4 | 4
2024-06-23 18:33:36,"Apartamento en Venta, VALLE DEL LILI, Cali",$1.200.000.000 | 320 m² | 4 | 4
2024-06-23 18:33:36,"Apartamento en Venta, CIUDAD  VERDE, Bogotá D.C.",
2024-06-23 18:33:36,"Apartamento en Venta, COLSAG, Cúcuta",$720.000.000 | 91 m² | 1 | 2
2024-06-23 18:33:36,"Apartamento en Venta, ALTOS DE CRISTALES, Cali",$720.000.000 | 91 m² | 1 | 2
2024-06-23 18:33:36,"Apartamento en Venta, valle  de la ferreria, Cali",
2024-06-23 18:33:36,"Apartamento en Venta, RINCON DE LOS LAGARTOS, Bogotá D.C.",$2.900.000.000 | 650 m² | 5 | 5
2024-06-23 18:33:36,"Apartamento en Venta, SAN ANDRES AFIDRO, Bogotá D.C.",$2.900.000.000 | 650 m² | 5 | 5
2024-06-23 18:33:36,"Apartamento en Venta, CANEY, Cali",
2024-06-23 18:33:36,"Apartamento en Venta, ROSALES, Bogotá D.C.",$229.990.000 | 66 m² | 4 | 2
2024-06-23 18:33:36,"Apartamento en Venta, SANTA BARBARA, Bogotá D.C.",$229.990.000 | 66 m² | 4 | 2
2024-06-23 18:33:36,"Apartamento en Venta, CHICO, Bogotá D.C.",
2024-06-23 18:33:36,"Apartamento en Venta, CERROS DE SUBA, Bogotá D.C.",$2.350.000.000 | 480 m² | 4 | 5
2024-06-23 18:33:36,"Apartamento en Venta, POBLADO BAGATELA, Medellín",$2.350.000.000 | 480 m² | 4 | 5
2024-06-23 18:33:36,"Apartamento en Venta, EL POBLADO LAS SANTAS, Medellín",
2024-06-23 18:33:36,"Apartamento en Venta, EL POBLADO LOS BALSOS, Medellín",$1.250.000.000 | 539 m² | 5 | 5
2024-06-23 18:33:36,"Apartamento en Venta, PRADOS DE LA CALLEJA, Bogotá D.C.",$1.250.000.000 | 539 m² | 5 | 5
2024-06-23 18:33:36,"Apartamento en Venta, EL POBLADO LOS BALSOS, Medellín",
2024-06-23 18:33:36,"Apartamento en Venta, LA BALSA, Chía",$490.000.000 | 153.66 m² | 3 | 4
2024-06-23 18:33:36,"Apartamento en Venta, PORTON DE SANTO DOMINGO, Bogotá D.…",$490.000.000 | 153.66 m² | 3 | 4
2024-06-23 18:33:36,"Apartamento en Venta, EL LIDO, Cali",
2024-06-23 18:33:36,"Apartamento en Venta, CHICO SANTA BARBARA, Bogotá D.C.",$2.200.000.000 | 500 m² | 3 | 5
2024-06-23 18:33:36,"Apartamento en Venta, normndia, Cali",$2.200.000.000 | 500 m² | 3 | 5
2024-06-23 18:33:36,"Apartamento en Venta, CHIPICHAPE, Cali",
2024-06-23 18:33:36,"Apartamento en Venta, Ciudad Verde   Cerezo NID14499244072 , …",$460.000.000 | 180 m² | 3 | 3
2024-06-23 18:33:36,"Apartamento en Venta, SANTA BARBARA ORIENTAL, Bogotá D.C.",$460.000.000 | 180 m² | 3 | 3
2024-06-23 18:33:36,"Apartamento en Venta, SANTA BARBARA OCCIDENTAL, Bogotá …",
2024-06-23 18:33:36,"Apartamento en Venta, ROSALES, Bogotá D.C.",$1.400.000.000 | 548.53 m² | 5 | 5
2024-06-23 18:33:36,"Apartamento en Venta, CIUDAD JARDIN, Cali",$1.400.000.000 | 548.53 m² | 5 | 5
2024-06-23 18:33:36,"Apartamento en Venta, SANTA ROSA DEL OESTE, Cali",
2024-06-23 18:33:36,"Apartamento en Venta, ROSALES, Bogotá D.C.",$1.350.000.000 | 290 m² | 4 | 3
2024-06-23 18:33:36,"Apartamento en Venta, VALLE DE LILI, Cali",$1.350.000.000 | 290 m² | 4 | 3
2024-06-23 18:33:36,"Apartamento en Venta, CHICO, Bogotá D.C.",
2024-06-23 18:33:36,"Apartamento en Venta, CARTAGENA EL LAGUITO, Cartagena de …",$1.900.000.000 | 350 m² | 4 | 5
2024-06-23 18:33:36,"Apartamento en Venta, ruby, Mosquera",$1.900.000.000 | 350 m² | 4 | 5
2024-06-23 18:33:36,"Apartamento en Venta, CALI NORMANDIA, Cali",
2024-06-23 18:33:36,"Apartamento en Venta, La prosperidad, Madrid",$350.000.000 | 126 m² | 5 | 4
2024-06-23 18:33:36,"Casa en Venta, La Insula, Chinchina",$350.000.000 | 126 m² | 5 | 4
2024-06-23 18:33:36,"Casa en Venta, Comuna 8/El Diamante, Dos Quebradas",
2024-06-23 18:33:36,"Casa en Venta, Palermo, Manizales",$1.300.000.000 | 279 m² | 5 | 3
2024-06-23 18:33:36,"Casa en Venta, Otro, Villamaria",$1.300.000.000 | 279 m² | 5 | 3
2024-06-23 18:33:36,"Casa en Venta, Centro, Santa Rosa De Cabal",
2024-06-23 18:33:36,"Casa en Venta, Cerro De Oro, Manizales",$1.580.000.000 | 240 m² | 3 | 3
2024-06-23 18:33:36,"Apartamento en Venta, LA FLORIDA, Sabaneta",$1.580.000.000 | 240 m² | 3 | 3
2024-06-23 18:33:36,"Casa en Venta, Risaralda, Risaralda",
2024-06-23 18:33:36,"Casa en Venta, San Jorge, Manizales",$1.950.000.000 | 350 m² | 4 | 5
2024-06-23 18:33:36,"Casa en Venta, Manizales, Manizales",$1.950.000.000 | 350 m² | 4 | 5
2024-06-23 18:33:36,"Casa en Venta, Manizales, Manizales",
2024-06-23 18:33:36,"Casa en Venta, Comuna 11/Guadalupe, Dos Quebradas",$2.600.000.000 | 384 m² | 3 | 4
2024-06-23 18:33:36,"Casa en Venta, Salamina, Salamina",$2.600.000.000 | 384 m² | 3 | 4
2024-06-23 18:33:36,"Casa en Venta, El Caribe, Manizales",
2024-06-23 18:33:36,"Casa en Venta, Manizales, Manizales",$350.000.000 | 101 m² | 4 | 2
2024-06-23 18:33:36,"Casa en Venta, Centro, Manizales",$350.000.000 | 101 m² | 4 | 2
2024-06-23 18:33:36,"Casa en Venta, La Enea, Manizales",
2024-06-23 18:33:36,"Casa en Venta, Centro, Santa Rosa De Cabal",$2.400.000.000 | 425 m² | 4 | 5
2024-06-23 18:33:36,"Apartamento en Venta, PAN DE AZUCAR, Sabaneta",$2.400.000.000 | 425 m² | 4 | 5
2024-06-23 18:33:36,"Casa en Venta, Otro, Manizales",
2024-06-23 18:33:36,"Casa en Venta, Via Armenia, Pereira",60 | 1 | 2
2024-06-23 18:33:36,"Casa en Venta, Comuna 9/Divino Nino Jesus, Dos Quebradas",58 | 3 | 2
2024-06-23 18:33:36,"Apartamento en Venta, VALLE DEL LILI, Cali",150
2024-06-23 18:33:36,"Apartamento en Venta, la tablaza, La Estrella",$1.900.000.000 | 171 m² | 4 | 4
2024-06-23 18:33:36,"Apartamento en Venta, ASDESILLAS, Sabaneta",$1.900.000.000 | 171 m² | 4 | 4
2024-06-23 18:33:36,"Casa en Venta, Cerro De Oro, Manizales",
2024-06-23 18:33:36,"Casa en Venta, Manizales, Manizales",$2.150.000.000 | 241 m² | 3 | 5
2024-06-23 18:33:36,"Casa en Venta, La Cumbre, Manizales",$2.150.000.000 | 241 m² | 3 | 5
2024-06-23 18:33:36,"Casa en Venta, Ondas De Otun, Manizales",
2024-06-23 18:33:36,"Casa en Venta, Comuna 3/Campestre A, Dos Quebradas",$2.200.000.000 | 400 m² | 4 | 4
2024-06-23 18:33:36,"Apartamento en Venta, CIUDAD MELENDEZ, Cali",$2.200.000.000 | 400 m² | 4 | 4
2024-06-23 18:33:36,"Casa en Venta, La Sultana, Manizales",
2024-06-23 18:33:36,"Casa en Venta, La Enea, Manizales",$1.250.000.000 | 200 m² | 4 | 5
2024-06-23 18:33:36,"Casa en Venta, Villamaria, Villamaria",$1.250.000.000 | 200 m² | 4 | 5
2024-06-23 18:33:36,"Casa en Venta, La Cumbre, Manizales",
2024-06-23 18:33:36,"Casa en Venta, Villamaria, Villamaria",$600.000.000 | 198 m² | 5 | 5
2024-06-23 18:33:36,"Casa en Venta, Comuna 3/Campestre A, Dos Quebradas",$600.000.000 | 198 m² | 5 | 5
2024-06-23 18:33:36,"Casa en Venta, La Enea, Manizales",
2024-06-23 18:33:36,"Apartamento en Venta, RESERVA DE LA SIERRA, Bogotá D.C.",$350.000.000 | 108 m² | 4 | 2
2024-06-23 18:33:36,"Casa en Venta, Centro, Santa Rosa De Cabal",$350.000.000 | 108 m² | 4 | 2
2024-06-23 18:33:36,"Apartamento en Venta, CACERIO VALLE DEL LILI, Cali",
2024-06-23 18:33:36,"Casa en Venta, Manizales, Manizales",$3.000.000.000 | 752 m² | 5 | 5
2024-06-23 18:33:36,"Casa en Venta, Otro, Manizales",$3.000.000.000 | 752 m² | 5 | 5
2024-06-23 18:33:36,"Casa en Venta, Comuna Centro, Pereira",
2024-06-23 18:33:36,"Casa en Venta, La Florida, Villamaria",$320.000.000 | 105 m² | 3 | 3
2024-06-23 18:33:36,"Casa en Venta, Comuna Universidad/Pinares, Pereira",$320.000.000 | 105 m² | 3 | 3
2024-06-23 18:33:36,"Apartamento en Venta, CHAPINERO, Bogotá D.C.",
2024-06-23 18:33:36,"Apartamento en Venta, EL CENTRO, Bogotá D.C.",$600.000.000 | 120 m² | 3 | 3
2024-06-23 18:33:36,"Apartamento en Venta, CHAPINERO, Bogotá D.C.",$600.000.000 | 120 m² | 3 | 3
2024-06-23 18:33:36,"Casa en Venta, La Pradera, Villamaria",
2024-06-23 18:33:36,"Casa en Venta, Comuna Universidad/Pinares, Pereira",$600.000.000 | 146 m² | 3 | 3
2024-06-23 18:33:36,"Apartamento en Venta, SANTA ANITA, Cali",$600.000.000 | 146 m² | 3 | 3
2024-06-23 18:33:36,"Casa en Venta, Otro, Manizales",
2024-06-23 18:33:36,"Casa en Venta, Manizales, Manizales",$6.000.000.000 | 1100 m² | 4 | 5
2024-06-23 18:33:36,"Casa en Venta, Manizales, Manizales",$6.000.000.000 | 1100 m² | 4 | 5
2024-06-23 18:33:36,"Casa en Venta, Otro, Manizales",
2024-06-23 18:33:36,"Casa en Venta, Otro, Manizales",$1.320.000.000 | 218 m² | 4 | 5
2024-06-23 18:33:36,"Casa en Venta, Cuba / Panorama C, Pereira",$1.320.000.000 | 218 m² | 4 | 5
2024-06-23 18:33:36,"Apartamento en Venta, ROSALES PIETRAMONTE, Bogotá D.C.",
2024-06-23 18:33:36,"Apartamento en Venta, EL CORTIJO, Bogotá D.C.",$1.420.000.000 | 210 m² | 3 | 3
2024-06-23 18:33:36,"Apartamento en Venta, CHAPINERO, Bogotá D.C.",$1.420.000.000 | 210 m² | 3 | 3
2024-06-23 18:33:36,"Apartamento en Venta, SAN PIO, Bucaramanga",
2024-06-23 18:33:36,"Apartamento en Venta, CALASANZ, Medellín",$3.200.000.000 | 370 m² | 4 | 5
2024-06-23 18:33:36,"Casa en Venta, La Insula, Chinchina",$3.200.000.000 | 370 m² | 4 | 5
2024-06-23 18:33:36,"Casa en Venta, Manizales, Manizales",
2024-06-23 18:33:36,"Casa en Venta, Las Colinas, Manizales",$1.700.000.000 | 470 m² | 3 | 2
2024-06-23 18:33:36,"Casa en Venta, Chipre, Manizales",$1.700.000.000 | 470 m² | 3 | 2
2024-06-23 18:33:36,"Casa en Venta, Campohermoso, Manizales",
2024-06-23 18:33:36,"Casa en Venta, Comuna Cuba/Cuba, Pereira",$1.420.000.000 | 274 m² | 3 | 4
2024-06-23 18:33:36,"Casa en Venta, Otro, Manizales",$1.420.000.000 | 274 m² | 3 | 4
2024-06-23 18:33:36,"Apartamento en Venta, LA HACIENDA, Cali",
2024-06-23 18:33:36,"Casa en Venta, Palermo, Manizales",$630.000.000 | 250 m² | 4 | 4
2024-06-23 18:33:36,"Casa en Venta, Belen, Manizales",$630.000.000 | 250 m² | 4 | 4
2024-06-23 18:33:36,"Casa en Venta, Comuna Poblado/Poblado Ii, Pereira",
2024-06-23 18:33:36,"Casa en Venta, Fatima, Manizales",$230.000.000 | 264 m² | 5 | 4
2024-06-23 18:33:36,"Casa en Venta, La Pradera, Villamaria",$230.000.000 | 264 m² | 5 | 4
2024-06-23 18:33:36,"Apartamento en Venta, BOCHALEMA, Cali",
2024-06-23 18:33:36,"Casa en Venta, San Joaquin, Manizales",$600.000.000 | 403 m² | 5 | 5
2024-06-23 18:33:36,"Casa en Venta, Manizales, Manizales",$600.000.000 | 403 m² | 5 | 5
2024-06-23 18:33:36,"Casa en Venta, La Florida, Villamaria",
2024-06-23 18:33:36,"Apartamento en Venta, VALLE DE LA FERREIRA, Cali",$1.200.000.000 | 192.15 m² | 4 | 5
2024-06-23 18:33:36,"Apartamento en Venta, SEMINARIO, Cali",$1.200.000.000 | 192.15 m² | 4 | 5
2024-06-23 18:33:36,"Casa en Venta, Aguadas, Aguadas",
2024-06-23 18:33:36,"Casa en Venta, La Carola, Manizales",$990.000.000 | 314.03 m² | 5 | 3
2024-06-23 18:33:36,"Casa en Venta, Centro, Santa Rosa De Cabal",$990.000.000 | 314.03 m² | 5 | 3
2024-06-23 18:33:36,"Casa en Venta, Comuna Universidad/Canaan, Pereira",
2024-06-23 18:33:36,"Casa en Venta, Palestina, Palestina",$1.900.000.000 | 395 m² | 4 | 5
2024-06-23 18:33:36,"Apartamento en Venta, LOS CRISTALES, Cali",$1.900.000.000 | 395 m² | 4 | 5
2024-06-23 18:33:36,"Apartamento en Venta, CUARTO DE LEGUA, Cali",
2024-06-23 18:33:36,"Casa en Venta, Comuna El Jardin/Av  30 Agosto, Pereira",$2.500.000.000 | 400 m² | 5 | 5
2024-06-23 18:33:36,"Apartamento en Venta, SUBA CERROS, Bogotá D.C.",$2.500.000.000 | 400 m² | 5 | 5
2024-06-23 18:33:36,"Apartamento en Venta, LA CAROLINA, Bogotá D.C.",
2024-06-23 18:33:36,"Apartamento en Venta, EL POBLADO, Medellín",$1.900.000.000 | 384 m² | 4 | 4
2024-06-23 18:33:36,"Apartamento en Venta, EL POBLADO EL TESORO, Medellín",$1.900.000.000 | 384 m² | 4 | 4
2024-06-23 18:33:36,"Apartamento en Venta, CHICO RESERVADO, Bogotá D.C.",
2024-06-23 18:33:36,"Apartamento en Venta, EL POBLADO, Medellín",$450.000.000 | 83.63 m² | 3 | 2
2024-06-23 18:33:36,"Apartamento en Venta, LA CAÑADA, Bogotá D.C.",$450.000.000 | 83.63 m² | 3 | 2
2024-06-23 18:33:36,"Apartamento en Venta, CHICO NAVARRA, Bogotá D.C.",
2024-06-23 18:33:36,"Apartamento en Venta, BOSQUE DE PINOS I, Bogotá D.C.",$620.000.000 | 282 m² | 5 | 5
2024-06-23 18:33:36,"Apartamento en Venta, santa ana oriental   alta, Bogotá D.C.",$620.000.000 | 282 m² | 5 | 5
2024-06-23 18:33:36,"Apartamento en Venta, LOS ROSALES, Bogotá D.C.",
2024-06-23 18:33:36,"Apartamento en Venta, CHICO NAVARRA, Bogotá D.C.",$580.000.000 | 270 m² | 5 | 4
2024-06-23 18:33:36,"Apartamento en Venta, GRATAMIRA, Bogotá D.C.",$580.000.000 | 270 m² | 5 | 4
2024-06-23 18:33:36,"Apartamento en Venta, LAURELES, Medellín",
2024-06-23 18:33:36,"Apartamento en Venta, LA AMERICA, Medellín",$620.000.000 | 300 m² | 4 | 4
2024-06-23 18:33:36,"Apartamento en Venta, EL REDIL, Bogotá D.C.",$620.000.000 | 300 m² | 4 | 4
2024-06-23 18:33:36,"Apartamento en Venta, CEDRITOS, Bogotá D.C.",
2024-06-23 18:33:36,"Apartamento en Venta, CEDRITOS CONTADOR, Bogotá D.C.",$720.000.000 | 170 m² | 4 | 4
2024-06-23 18:33:36,"Apartamento en Venta, SANTA BIBIANA USAQUEN, Bogotá D.C.",$720.000.000 | 170 m² | 4 | 4
2024-06-23 18:33:36,"Apartamento en Venta, LOS ROSALES EMAUS, Bogotá D.C.",
2024-06-23 18:33:36,"Apartamento en Venta, EL BATAN, Bogotá D.C.",$3.600.000.000 | 470 m² | 4 | 5
2024-06-23 18:33:36,"Apartamento en Venta, SANTA BARBARA OCCIDENTAL, Bogotá …",$3.600.000.000 | 470 m² | 4 | 5
2024-06-23 18:33:36,"Apartamento en Venta, CHICO NAVARRA, Bogotá D.C.",
2024-06-23 18:33:36,"Apartamento en Venta, PANCE, Cali",$3.500.000.000 | 700 m² | 4 | 4
2024-06-23 18:33:36,"Apartamento en Venta, santa  barbara, Bogotá D.C.",$3.500.000.000 | 700 m² | 4 | 4
2024-06-23 18:33:36,"Apartamento en Venta, CEDRITOS LAS ACACIAS, Bogotá D.C.",
2024-06-23 18:33:36,"Apartamento en Venta, SANTA BIBIANA, Bogotá D.C.",$950.000.000 | 145 m² | 3 | 3
2024-06-23 18:33:36,"Apartamento en Venta, EL VIRREY, Bogotá D.C.",$950.000.000 | 145 m² | 3 | 3
2024-06-23 18:33:36,"Apartamento en Venta, SANTA BIBIANA, Bogotá D.C.",
2024-06-23 18:33:36,"Apartamento en Venta, BELLA SUIZA, Bogotá D.C.",$590.000.000 | 135 m² | 3 | 3
2024-06-23 18:33:36,"Apartamento en Venta, Cristales del Llano, Restrepo",$590.000.000 | 135 m² | 3 | 3
2024-06-23 18:33:36,"Apartamento en Venta, BATAN, Bogotá D.C.",
2024-06-23 18:33:36,"Apartamento en Venta, ACACIAS USAQUEN, Bogotá D.C.",$750.000.000 | 121 m² | 4 | 4
2024-06-23 18:33:36,"Apartamento en Venta, IRAKA, Bogotá D.C.",$750.000.000 | 121 m² | 4 | 4
2024-06-23 18:33:36,"Apartamento en Venta, EL BATAN, Bogotá D.C.",
2024-06-23 18:33:36,"Apartamento en Venta, ATABANZA, Bogotá D.C.",$1.500.000.000 | 2230 m² | 5 | 3
2024-06-23 18:33:36,"Apartamento en Venta, CHICO NORTE II, Bogotá D.C.",$1.500.000.000 | 2230 m² | 5 | 3
2024-06-23 18:33:36,"Apartamento en Venta, LA CAROLINA, Bogotá D.C.",
2024-06-23 18:33:36,"Apartamento en Venta, PONTEVEDRA, Bogotá D.C.",$1.700.000.000 | 350 m² | 4 | 4
2024-06-23 18:33:36,"Apartamento en Venta, EL RINCON DEL CHICO, Bogotá D.C.",$1.700.000.000 | 350 m² | 4 | 4
2024-06-23 18:33:36,"Apartamento en Venta, ROSALES BELLAVISTA, Bogotá D.C.",
2024-06-23 18:33:36,"Apartamento en Venta, SANTA BIBIANA, Bogotá D.C.",$310.000.000 | 144 m² | 4 | 3
2024-06-23 18:33:36,"Apartamento en Venta, CHICO NAVARRA, Bogotá D.C.",$310.000.000 | 144 m² | 4 | 3
2024-06-23 18:33:36,"Apartamento en Venta, EL LAGO GAITAN, Bogotá D.C.",
2024-06-23 18:33:36,"Apartamento en Venta, BAVARIA, Santa Marta",$1.700.000.000 | 320 m² | 3 | 4
2024-06-23 18:33:36,"Apartamento en Venta, CENTRO LAS NIEVES, Bogotá D.C.",$1.700.000.000 | 320 m² | 3 | 4
2024-06-23 18:33:36,"Apartamento en Venta, EL TEJAR, Bucaramanga",
2024-06-23 18:33:36,"Apartamento en Venta, Montearroyo, Bogotá D.C.",$1.500.000.000 | 320 m² | 3 | 3
2024-06-23 18:33:36,"Apartamento en Venta, NICOLAS DE FEDERMAN, Bogotá D.C.",$1.500.000.000 | 320 m² | 3 | 3
2024-06-23 18:33:36,"Apartamento en Venta, SUBA RINCON LOS NARANJOS, Bogotá …",
2024-06-23 18:33:36,"Apartamento en Venta, OLAYA, Barranquilla",$2.200.000.000 | 400 m² | 4 | 4
2024-06-23 18:33:36,"Apartamento en Venta, LA PAZ, Envigado",$2.200.000.000 | 400 m² | 4 | 4
2024-06-23 18:33:36,"Apartamento en Venta, CABRERA, Bogotá D.C.",
2024-06-23 18:33:36,"Apartamento en Venta, EL POBLADO, Medellín",$2.300.000.000 | 405 m² | 3 | 3
2024-06-23 18:33:36,"Apartamento en Venta, SOLARIUM DE PONTEVEDRA, Bogotá D.C.",$2.300.000.000 | 405 m² | 3 | 3
2024-06-23 18:33:36,"Apartamento en Venta, ALTOS DE MONTEARROYO, Bogotá D.C.",
2024-06-23 18:33:36,"Apartamento en Venta, CHICÓ NAVARRA, Bogotá D.C.",$1.600.000.000 | 400 m² | 4 | 4
2024-06-23 18:33:36,"Apartamento en Venta, LA FERRERIA, La Estrella",$1.600.000.000 | 400 m² | 4 | 4
2024-06-23 18:33:36,"Apartamento en Venta, CEDRO GOLF, Bogotá D.C.",
2024-06-23 18:33:36,"Apartamento en Venta, EL CONTADOR, Bogotá D.C.",$2.500.000.000 | 280 m² | 4 | 5
2024-06-23 18:33:36,"Apartamento en Venta, EL POBLADO EL TESORO, Medellín",$2.500.000.000 | 280 m² | 4 | 5
2024-06-23 18:33:36,"Apartamento en Venta, CHICO NORTE III, Bogotá D.C.",
2024-06-23 18:33:36,"Apartamento en Venta, VALLE DE LILI, Cali",$890.000.000 | 158 m² | 3 | 4
2024-06-23 18:33:36,"Apartamento en Venta, EL TRIANON, Envigado",$890.000.000 | 158 m² | 3 | 4
2024-06-23 18:33:36,"Apartamento en Venta, CEDRITOS, Bogotá D.C.",
2024-06-23 18:33:36,"Apartamento en Venta, loma de los benedictinos, Envigado",$1.728.000.000 | 299 m² | 5 | 4
2024-06-23 18:33:36,"Apartamento en Venta, CANDELARIA LA NUEVA, Bogotá D.C.",$1.728.000.000 | 299 m² | 5 | 4
2024-06-23 18:33:36,"Apartamento en Venta, ROSALES PIETRAMONTE, Bogotá D.C.",
2024-06-23 18:33:36,"Apartamento en Venta, Villa Campestre, Puerto Colombia",$510.000.000 | 99.17 m² | 4 | 3
2024-06-23 18:33:36,"Apartamento en Venta, CIUDAD JARDIN, Barranquilla",$510.000.000 | 99.17 m² | 4 | 3
2024-06-23 18:33:36,"Apartamento en Venta, PORTAL DE GENOVÉS, Barranquilla",
2024-06-23 18:33:36,"Apartamento en Venta, ALTOS DEL PRADO, Barranquilla",$450.000.000 | 220 m² | 3 | 4
2024-06-23 18:33:36,"Apartamento en Venta, ALTOS DEL MORAL, Bogotá D.C.",$450.000.000 | 220 m² | 3 | 4
2024-06-23 18:33:36,"Apartamento en Venta, RECODO DEL CONTRY, Bogotá D.C.",
2024-06-23 18:33:36,"Apartamento en Venta, VALLE DEL LILI, Cali",$320.000.000 | 145 m² | 3 | 3
2024-06-23 18:33:36,"Apartamento en Venta, LA CABRERA, Bogotá D.C.",$320.000.000 | 145 m² | 3 | 3
2024-06-23 18:33:36,"Apartamento en Venta, CHICO MUSEO, Bogotá D.C.",
2024-06-23 18:33:36,"Apartamento en Venta, URBANIZACION LA FLORA, Cali",$2.500.000.000 | 729 m² | 3 | 5
2024-06-23 18:33:36,"Apartamento en Venta, EL CHICO ALTO, Bogotá D.C.",$2.500.000.000 | 729 m² | 3 | 5
2024-06-23 18:33:36,"Apartamento en Venta, EL POBLADO, Medellín",
2024-06-23 18:33:36,"Apartamento en Venta, EL RECODO DEL COUNTRY, Bogotá D.C.",$425.000.000 | 225 m² | 5 | 4
2024-06-23 18:33:36,"Apartamento en Venta, EL POBLADO, Medellín",$425.000.000 | 225 m² | 5 | 4
2024-06-23 18:33:36,"Apartamento en Venta, FUNZA CR RECODO DE SAN ANDRES, Fu…",
2024-06-23 18:33:36,"Apartamento en Venta, LOS CEDRITOS, Bogotá D.C.",0
2024-06-23 18:33:36,"Apartamento en Venta, EL CHICO CHICO, Bogotá D.C.",0
2024-06-23 18:33:36,"Apartamento en Venta, SANTA BARBARA OCCIDENTAL SANTA …",126.63 | 4 | 4
2024-06-23 18:33:36,"Apartamento en Venta, SANTA BARBARA, Bogotá D.C.",$1.601.000.000 | 340 m² | 4 | 4
2024-06-23 18:33:36,"Apartamento en Venta, LA CAROLINA COUNTRY, Bogotá D.C.",$1.601.000.000 | 340 m² | 4 | 4
2024-06-23 18:33:36,"Casa en Venta, Las Americas, Manizales",
2024-06-23 18:33:36,"Casa en Venta, Otro, Manizales",$750.000.000 | 240 m² | 4 | 4
2024-06-23 18:33:36,"Apartamento en Venta, BRITALIA NORTE, Bogotá D.C.",$750.000.000 | 240 m² | 4 | 4
2024-06-23 18:33:36,"Apartamento en Venta, LOS ROSALES EMAUS, Bogotá D.C.",
2024-06-23 18:33:36,"Apartamento en Venta, EL POBLADO, Medellín",$1.500.000.000 | 400 m² | 4 | 3
2024-06-23 18:33:36,"Apartamento en Venta, LOMA DE LAS BRUJAS, Envigado",$1.500.000.000 | 400 m² | 4 | 3
2024-06-23 18:33:36,"Apartamento en Venta, ROALES, Bogotá D.C.",
2024-06-23 18:33:36,"Apartamento en Venta, SEÑORIAL, Envigado",$3.200.000.000 | 554 m² | 5 | 5
2024-06-23 18:33:36,"Apartamento en Venta, EL POBLADO, Medellín",$3.200.000.000 | 554 m² | 5 | 5
2024-06-23 18:33:36,"Apartamento en Venta, BELLA SUIZA BAJA, Bogotá D.C.",
2024-06-23 18:33:36,"Apartamento en Venta, SANTA BARBARA CENTRAL, Bogotá D.C.",$4.000.000.000 | 400 m² | 4 | 3
2024-06-23 18:33:36,"Apartamento en Venta, CUARTO DE LEGUA, Cali",$4.000.000.000 | 400 m² | 4 | 3
2024-06-23 18:33:36,"Apartamento en Venta, SANTA BARBARA OCCIDENTAL, Bogotá …",
2024-06-23 18:33:36,"Apartamento en Venta, CABRERA CHICO, Bogotá D.C.",$1.800.000.000 | 234 m² | 4 | 3
2024-06-23 18:33:36,"Apartamento en Venta, NUEVO SOTOMAYOR, Bucaramanga",$1.800.000.000 | 234 m² | 4 | 3
2024-06-23 18:33:36,"Apartamento en Venta, LAURELES, Medellín",
2024-06-23 18:33:36,"Apartamento en Venta, SANTA ANA, Bogotá D.C.",$1.980.000.000 | 320 m² | 4 | 4
2024-06-23 18:33:36,"Apartamento en Venta, LA CABRERA, Bogotá D.C.",$1.980.000.000 | 320 m² | 4 | 4
2024-06-23 18:33:36,"Apartamento en Venta, VALLE DEL LILI, Cali",
2024-06-23 18:33:36,"Apartamento en Venta, Cajicá",$2.000.000.000 | 480 m² | 4 | 4
2024-06-23 18:33:36,"Apartamento en Venta, BOCHALEMA, Cali",$2.000.000.000 | 480 m² | 4 | 4
2024-06-23 18:33:36,"Apartamento en Venta, ALTOS DEL PARQUE, Barranquilla",
2024-06-23 18:33:36,"Apartamento en Venta, FOREST  LA BALSA, Chía",$1.380.000.000 | 248 m² | 3 | 5
2024-06-23 18:33:36,"Apartamento en Venta, CASTILLO GRANDE, Cartagena de Indias",$1.380.000.000 | 248 m² | 3 | 5
2024-06-23 18:33:36,"Apartamento en Venta, LA CAROLINA, Bogotá D.C.",
2024-06-23 18:33:36,"Apartamento en Venta, SABANA DE TIBABUYES, Bogotá D.C.",$1.200.000.000 | 183 m² | 3 | 5
2024-06-23 18:33:36,"Apartamento en Venta, BOSQUE VERDE, Bogotá D.C.",$1.200.000.000 | 183 m² | 3 | 5
2024-06-23 18:33:36,"Apartamento en Venta, NUEVA CASTILLA, Bogotá D.C.",
2024-06-23 18:33:36,"Apartamento en Venta, LAS GRANJAS, Cali",$550.000.000 | 180 m² | 3 | 2
2024-06-23 18:33:36,"Apartamento en Venta, COLINA CAMPESTRE, Bogotá D.C.",$550.000.000 | 180 m² | 3 | 2
2024-06-23 18:33:36,"Apartamento en Venta, COLINA CAMPESTRE, Bogotá D.C.",
2024-06-23 18:33:36,"Apartamento en Venta, COLINA CAMPESTRE, Bogotá D.C.",$1.270.000.000 | 181 m² | 4 | 4
2024-06-23 18:33:36,"Apartamento en Venta, COLINA CAMPESTRE, Bogotá D.C.",$1.270.000.000 | 181 m² | 4 | 4
2024-06-23 18:33:36,"Apartamento en Venta, PRADO VERANIEGO, Bogotá D.C.",
2024-06-23 18:33:36,"Apartamento en Venta, Mazuren 21, Bogotá D.C.",$3.500.000.000 | 450 m² | 5 | 5
2024-06-23 18:33:36,"Apartamento en Venta, CIUDAD REAL, Cali",$3.500.000.000 | 450 m² | 5 | 5
2024-06-23 18:33:36,"Apartamento en Venta, CIUDAD SALITRE OCCIDENTAL, Bogotá …",
2024-06-23 18:33:36,"Apartamento en Venta, NORMADIA, Cali",$1.350.000.000 | 400 m² | 4 | 5
2024-06-23 18:33:36,"Apartamento en Venta, ENGATIVA, Bogotá D.C.",$1.350.000.000 | 400 m² | 4 | 5
2024-06-23 18:33:36,"Apartamento en Venta, ENGATIVA, Bogotá D.C.",
2024-06-23 18:33:36,"Apartamento en Venta, huertas de cajicá, Cajicá",$940.000.000 | 180 m² | 3 | 3
2024-06-23 18:33:36,"Apartamento en Venta, CHAPINERO QUINTA CAMACHO, Bogotá …",$940.000.000 | 180 m² | 3 | 3
2024-06-23 18:33:36,"Apartamento en Venta, villa campestre, Puerto Colombia",
2024-06-23 18:33:36,"Apartamento en Venta, LOS ROSALES EMAUS, Bogotá D.C.",$3.000.000.000 | 336 m² | 4 | 5
2024-06-23 18:33:36,"Apartamento en Venta, COLINA, Bogotá D.C.",$3.000.000.000 | 336 m² | 4 | 5
2024-06-23 18:33:36,"Apartamento en Venta, ALTOS DE SANTA ANA, Bogotá D.C.",
2024-06-23 18:33:36,"Apartamento en Venta, CHICO SAN PATRICIO, Bogotá D.C.",$480.000.000 | 95 m² | 4 | 3
2024-06-23 18:33:36,"Apartamento en Venta, SANTA BARBARA CENTRAL, Bogotá D.C.",$480.000.000 | 95 m² | 4 | 3
2024-06-23 18:33:36,"Apartamento en Venta, LA CAROLINA, Bogotá D.C.",
2024-06-23 18:33:36,"Apartamento en Venta, SUBA NARANJOS, Bogotá D.C.",$450.000.000 | 200 m² | 4 | 2
2024-06-23 18:33:36,"Apartamento en Venta, EL POBLADO PROVENZA, Medellín",$450.000.000 | 200 m² | 4 | 2
2024-06-23 18:33:36,"Apartamento en Venta, EL POBLADO LAS PALMAS, Medellín",
2024-06-23 18:33:36,"Apartamento en Venta, SANTA BARBARA CENTRAL USAQUEN, …",$900.000.000 | 505 m² | 5 | 5
2024-06-23 18:33:36,"Apartamento en Venta, EL POBLADO DE SANTA MARIA DE LOS …",$900.000.000 | 505 m² | 5 | 5
2024-06-23 18:33:36,"Apartamento en Venta, CABRERA, Bogotá D.C.",
2024-06-23 18:33:36,"Apartamento en Venta, CRISTALES, Cali",$850.000.000 | 164 m² | 3 | 4
2024-06-23 18:33:36,"Apartamento en Venta, Santa Barbara, Bogotá D.C.",$850.000.000 | 164 m² | 3 | 4
2024-06-23 18:33:36,"Apartamento en Venta, SANTA ISABEL, Cali",
2024-06-23 18:33:36,"Apartamento en Venta, CEDRITOS, Bogotá D.C.",$560.000.000 | 203 m² | 4 | 3
2024-06-23 18:33:36,"Apartamento en Venta, SIERRAS DEL MORAL, Bogotá D.C.",$560.000.000 | 203 m² | 4 | 3
2024-06-23 18:33:36,"Apartamento en Venta, ALTO DE RIOMAR, Barranquilla",
2024-06-23 18:33:36,"Apartamento en Venta, CENTRO, Cartagena de Indias",$3.100.000.000 | 400 m² | 3 | 4
2024-06-23 18:33:36,"Apartamento en Venta, SAN ANTONIO NORTE, Bogotá D.C.",$3.100.000.000 | 400 m² | 3 | 4
2024-06-23 18:33:36,"Apartamento en Venta, EL POBLADO DE SANTA MARIA DE LOS …",
2024-06-23 18:33:36,"Apartamento en Venta, EL POBLADO LA CALERA, Medellín",$670.000.000 | 200 m² | 3 | 4
2024-06-23 18:33:36,"Apartamento en Venta, Poblado  Campestre, Medellín",$670.000.000 | 200 m² | 3 | 4
2024-06-23 18:33:36,"Apartamento en Venta, JUANAMBU, Cali",
2024-06-23 18:33:36,"Apartamento en Venta, LOMA DE LAS BRUJAS  ENVIGADO, Mede…",$500.000.000 | 247 m² | 5 | 2
2024-06-23 18:33:36,"Apartamento en Venta, VILLA CAMPESTRE, Barranquilla",$500.000.000 | 247 m² | 5 | 2
2024-06-23 18:33:36,"Apartamento en Venta, ALTOS DEL REFUGIO, Bogotá D.C.",
2024-06-23 18:33:36,"Apartamento en Venta, SOTOMAYOR, Bucaramanga",$650.000.000 | 220 m² | 5 | 5
2024-06-23 18:33:36,"Apartamento en Venta, CABECERA DEL LLANO, Bucaramanga",$650.000.000 | 220 m² | 5 | 5
2024-06-23 18:33:36,"Apartamento en Venta, ALTOS DE SANTA TERESITA, Cali",
2024-06-23 18:33:36,"Apartamento en Venta, PLAYA SALGUERO, Santa Marta",$270.000.000 | 86 m² | 3 | 4
2024-06-23 18:33:36,"Apartamento en Venta, SANTA RITA, Cali",$270.000.000 | 86 m² | 3 | 4
2024-06-23 18:33:36,"Apartamento en Venta, CHICO SAN PATRICIO, Bogotá D.C.",
2024-06-23 18:33:36,"Apartamento en Venta, CEDRITOS, Bogotá D.C.",$3.100.000.000 | 550 m² | 4 | 5
